시간,발전량
2025-01-01 00:00,3.578409625119362
2025-01-01 01:00,2.7490848505726846
2025-01-01 02:00,3.931218100870252
2025-01-01 03:00,4.2786278637783575
2025-01-01 04:00,3.6435413205714897
2025-01-01 05:00,6.727714807966623
2025-01-01 06:00,8.939454732469649
2025-01-01 07:00,10.116234642006486
2025-01-01 08:00,10.93164662849373
2025-01-01 09:00,5.2097197001717195
2025-01-01 10:00,5.836638746979479
2025-01-01 11:00,5.760899805129566
2025-01-01 12:00,7.313583787695702
2025-01-01 13:00,8.431005887789924
2025-01-01 14:00,4.613851115941654
2025-01-01 15:00,5.607668447460445
2025-01-01 16:00,3.1896793732657103
2025-01-01 17:00,4.981976072287422
2025-01-01 18:00,12.020572442508339
2025-01-01 19:00,15.83872966474409
2025-01-01 20:00,16.490268888932192
2025-01-01 21:00,20.377666783695346
2025-01-01 22:00,19.810115972606273
2025-01-01 23:00,15.108812161607649
2025-01-02 00:00,8.351086765333251
2025-01-02 01:00,10.38676627154327
2025-01-02 02:00,9.415793063801353
2025-01-02 03:00,7.532397451519449
2025-01-02 04:00,6.4068431953165135
2025-01-02 05:00,13.992080059182134
2025-01-02 06:00,20.25247160776492
2025-01-02 07:00,17.387725230748966
2025-01-02 08:00,15.321375497175971
2025-01-02 09:00,9.626142395339802
2025-01-02 10:00,7.940079801435272
2025-01-02 11:00,2.7233771995255784
2025-01-02 12:00,7.427039374698502
2025-01-02 13:00,9.084260342282064
2025-01-02 14:00,15.029645249739794
2025-01-02 15:00,15.654135669123848
2025-01-02 16:00,26.393801533103538
2025-01-02 17:00,24.413869366258638
2025-01-02 18:00,18.93843235211883
2025-01-02 19:00,22.76285790173504
2025-01-02 20:00,23.7822349576963
2025-01-02 21:00,15.343875666297143
2025-01-02 22:00,12.733674309150912
2025-01-02 23:00,12.861746242626893
2025-01-03 00:00,20.624122282552516
2025-01-03 01:00,15.740411809516976
2025-01-03 02:00,22.44922582000609
2025-01-03 03:00,17.898285573805726
2025-01-03 04:00,25.015718610024393
2025-01-03 05:00,27.631751022777113
2025-01-03 06:00,19.230224354405312
2025-01-03 07:00,16.18161384862937
2025-01-03 08:00,21.558584077377173
2025-01-03 09:00,18.908000810308106
2025-01-03 10:00,15.627909672611821
2025-01-03 11:00,18.287208408922197
2025-01-03 12:00,12.589419806260208
2025-01-03 13:00,4.231431186536772
2025-01-03 14:00,0.6870230191881646
2025-01-03 15:00,1.0897718277016475
2025-01-03 16:00,3.297119547514984
2025-01-03 17:00,6.405080421096548
2025-01-03 18:00,9.322052707278672
2025-01-03 19:00,14.641406504346925
2025-01-03 20:00,27.046249752354374
2025-01-03 21:00,26.886004186605152
2025-01-03 22:00,28.020067749606103
2025-01-03 23:00,22.288559055483397
2025-01-04 00:00,13.256974796204275
2025-01-04 01:00,12.792148914254833
2025-01-04 02:00,12.579798388753506
2025-01-04 03:00,7.023442430899728
2025-01-04 04:00,10.173353438990832
2025-01-04 05:00,7.036394389811862
2025-01-04 06:00,4.088818887155534
2025-01-04 07:00,2.893502075081477
2025-01-04 08:00,2.961447313315511
2025-01-04 09:00,2.8358815111732727
2025-01-04 10:00,1.7999693822523508
2025-01-04 11:00,1.458356931632417
2025-01-04 12:00,0.8341507406880014
2025-01-04 13:00,0.6793539075715883
2025-01-04 14:00,2.786230179286813
2025-01-04 15:00,0.42558192742082385
2025-01-04 16:00,1.2878124383565042
2025-01-04 17:00,2.131087177514356
2025-01-04 18:00,1.7831802991368584
2025-01-04 19:00,1.9326829139499853
2025-01-04 20:00,4.415258468230056
2025-01-04 21:00,8.443189523298823
2025-01-04 22:00,5.40886363221711
2025-01-04 23:00,10.5403262437201
2025-01-05 00:00,7.019598809197942
2025-01-05 01:00,5.6262935031403885
2025-01-05 02:00,10.125410342391987
2025-01-05 03:00,14.335419667764874
2025-01-05 04:00,6.457703400953623
2025-01-05 05:00,13.905029255567289
2025-01-05 06:00,13.044050899737515
2025-01-05 07:00,18.505013391580867
2025-01-05 08:00,25.170641051615846
2025-01-05 09:00,15.713830332530073
2025-01-05 10:00,31.874882973759536
2025-01-05 11:00,38.86967601892655
2025-01-05 12:00,44.89808839834313
2025-01-05 13:00,42.95990982220514
2025-01-05 14:00,47.3550428785438
2025-01-05 15:00,38.31263824852086
2025-01-05 16:00,13.48675681083396
2025-01-05 17:00,27.966402304755427
2025-01-05 18:00,17.47410577890063
2025-01-05 19:00,17.553680414833657
2025-01-05 20:00,13.49498677432575
2025-01-05 21:00,12.239722892238483
2025-01-05 22:00,12.376699225659712
2025-01-05 23:00,14.088024162438582
2025-01-06 00:00,15.609216747066217
2025-01-06 01:00,20.266313052022994
2025-01-06 02:00,30.654322324393597
2025-01-06 03:00,26.19313960796536
2025-01-06 04:00,18.77806163759536
2025-01-06 05:00,22.54108947837693
2025-01-06 06:00,15.3624384275269
2025-01-06 07:00,15.657420571694482
2025-01-06 08:00,14.249799871765127
2025-01-06 09:00,13.90770522557231
2025-01-06 10:00,26.54520966734994
2025-01-06 11:00,46.93288194964198
2025-01-06 12:00,45.48849040882205
2025-01-06 13:00,47.42883425150927
2025-01-06 14:00,50.35729495001509
2025-01-06 15:00,54.2905423480815
2025-01-06 16:00,51.13488052952485
2025-01-06 17:00,43.71891739511787
2025-01-06 18:00,51.98886370058194
2025-01-06 19:00,53.61535725321862
2025-01-06 20:00,46.87244566313013
2025-01-06 21:00,51.35972993909934
2025-01-06 22:00,48.2892017999818
2025-01-06 23:00,50.227216987877206
2025-01-07 00:00,55.247415362543535
2025-01-07 01:00,59.27254238355254
2025-01-07 02:00,54.873267359300876
2025-01-07 03:00,54.776601240320815
2025-01-07 04:00,41.034521337511464
2025-01-07 05:00,21.881066798895596
2025-01-07 06:00,13.176650228249134
2025-01-07 07:00,17.389010727263273
2025-01-07 08:00,12.133168776267368
2025-01-07 09:00,11.336552967015457
2025-01-07 10:00,13.62072970575429
2025-01-07 11:00,22.426512657236035
2025-01-07 12:00,46.40385865307787
2025-01-07 13:00,38.82560787692504
2025-01-07 14:00,47.76418575489466
2025-01-07 15:00,55.41004466690693
2025-01-07 16:00,52.241399573231064
2025-01-07 17:00,37.43188515520666
2025-01-07 18:00,38.81449345630992
2025-01-07 19:00,50.76658301962747
2025-01-07 20:00,40.08990021514654
2025-01-07 21:00,17.699641680992016
2025-01-07 22:00,51.394744349158984
2025-01-07 23:00,28.140766739840604
2025-01-08 00:00,38.28566625975149
2025-01-08 01:00,32.132329920566576
2025-01-08 02:00,21.44350036923177
2025-01-08 03:00,33.0586947526593
2025-01-08 04:00,32.90318624888717
2025-01-08 05:00,24.21899677487581
2025-01-08 06:00,17.84137359927577
2025-01-08 07:00,9.941344324276017
2025-01-08 08:00,25.32620639742581
2025-01-08 09:00,16.33305889246069
2025-01-08 10:00,21.171251638229982
2025-01-08 11:00,30.96905751080388
2025-01-08 12:00,30.502584381542853
2025-01-08 13:00,26.88180976856065
2025-01-08 14:00,33.08812944848428
2025-01-08 15:00,33.288617414901815
2025-01-08 16:00,38.23445467093885
2025-01-08 17:00,41.41077420834192
2025-01-08 18:00,52.21150010663984
2025-01-08 19:00,53.086463641908566
2025-01-08 20:00,54.63512074372353
2025-01-08 21:00,53.93001034148288
2025-01-08 22:00,49.54100667472352
2025-01-08 23:00,52.62154048599987
2025-01-09 00:00,49.48474011800618
2025-01-09 01:00,51.74921488400277
2025-01-09 02:00,56.23520082434446
2025-01-09 03:00,53.645326008139456
2025-01-09 04:00,56.87840047030881
2025-01-09 05:00,61.81967140181072
2025-01-09 06:00,56.00637946879071
2025-01-09 07:00,61.625115976598316
2025-01-09 08:00,52.26083484058953
2025-01-09 09:00,55.44532340657092
2025-01-09 10:00,56.790454748576515
2025-01-09 11:00,53.758474631669564
2025-01-09 12:00,54.62964473484374
2025-01-09 13:00,48.28677158481714
2025-01-09 14:00,51.434658963093185
2025-01-09 15:00,47.87277825957885
2025-01-09 16:00,48.53310114773497
2025-01-09 17:00,47.3763849279579
2025-01-09 18:00,48.1093168008174
2025-01-09 19:00,45.48740572466257
2025-01-09 20:00,43.68995500225157
2025-01-09 21:00,48.68673961938577
2025-01-09 22:00,39.193063815053144
2025-01-09 23:00,27.190950000519706
2025-01-10 00:00,25.838028456199382
2025-01-10 01:00,18.204937236698598
2025-01-10 02:00,14.113327415729604
2025-01-10 03:00,11.17475047755187
2025-01-10 04:00,10.31382520081447
2025-01-10 05:00,12.567557434925286
2025-01-10 06:00,12.622207309880208
2025-01-10 07:00,11.5616868107052
2025-01-10 08:00,12.81263897984994
2025-01-10 09:00,10.331513799262058
2025-01-10 10:00,10.92602758863652
2025-01-10 11:00,7.273294834921808
2025-01-10 12:00,9.010222851504958
2025-01-10 13:00,8.38414768905201
2025-01-10 14:00,15.61019943848952
2025-01-10 15:00,15.47675251508151
2025-01-10 16:00,17.531460737833907
2025-01-10 17:00,13.136261079280919
2025-01-10 18:00,13.657444665137358
2025-01-10 19:00,10.1290418589474
2025-01-10 20:00,3.611730904031058
2025-01-10 21:00,21.257763012539627
2025-01-10 22:00,8.01907366924422
2025-01-10 23:00,8.164667348792987
2025-01-11 00:00,10.35876994390434
2025-01-11 01:00,9.232965684854198
2025-01-11 02:00,10.430114020701707
2025-01-11 03:00,9.266427958658012
2025-01-11 04:00,7.936016268424047
2025-01-11 05:00,9.632893533315112
2025-01-11 06:00,5.324212735242686
2025-01-11 07:00,5.4572890855546135
2025-01-11 08:00,5.58246995188938
2025-01-11 09:00,9.627496636993667
2025-01-11 10:00,2.962645271585762
2025-01-11 11:00,4.386884128880922
2025-01-11 12:00,2.205001794606128
2025-01-11 13:00,1.7547897332679043
2025-01-11 14:00,0.9150974633588997
2025-01-11 15:00,2.181982451726362
2025-01-11 16:00,2.261253512252065
2025-01-11 17:00,2.5249760534497496
2025-01-11 18:00,5.01251676927175
2025-01-11 19:00,5.493766845808271
2025-01-11 20:00,6.571388033524481
2025-01-11 21:00,10.223521985180943
2025-01-11 22:00,12.456087188598493
2025-01-11 23:00,11.849960426521827
2025-01-12 00:00,7.003159212276153
2025-01-12 01:00,5.560680810824503
2025-01-12 02:00,10.220704786715709
2025-01-12 03:00,5.489341225357043
2025-01-12 04:00,10.502935383608387
2025-01-12 05:00,7.636444691778645
2025-01-12 06:00,13.801404050931996
2025-01-12 07:00,10.451781042683773
2025-01-12 08:00,8.67792531972316
2025-01-12 09:00,3.479638686177713
2025-01-12 10:00,3.356391482955603
2025-01-12 11:00,2.126101149997083
2025-01-12 12:00,4.514452311571017
2025-01-12 13:00,6.409388988078273
2025-01-12 14:00,6.702501984858025
2025-01-12 15:00,7.75006104372053
2025-01-12 16:00,7.770560120307562
2025-01-12 17:00,7.755616873042135
2025-01-12 18:00,10.212282822908717
2025-01-12 19:00,7.878163036867834
2025-01-12 20:00,7.3929508018823595
2025-01-12 21:00,12.453117805796797
2025-01-12 22:00,8.65887511679116
2025-01-12 23:00,4.455484400581664
2025-01-13 00:00,2.1939548936051487
2025-01-13 01:00,0.9781605572686173
2025-01-13 02:00,3.880545925834087
2025-01-13 03:00,3.458974409886467
2025-01-13 04:00,3.485770232281208
2025-01-13 05:00,2.8759540490561757
2025-01-13 06:00,2.8696392693265413
2025-01-13 07:00,2.7236341515032283
2025-01-13 08:00,1.375014957428494
2025-01-13 09:00,4.040917328386577
2025-01-13 10:00,4.968898810084205
2025-01-13 11:00,4.020772842804407
2025-01-13 12:00,7.6403878638254845
2025-01-13 13:00,4.394609556852865
2025-01-13 14:00,3.2430288007547374
2025-01-13 15:00,3.857876763839195
2025-01-13 16:00,5.999813097442444
2025-01-13 17:00,12.249155670207978
2025-01-13 18:00,17.32407091448165
2025-01-13 19:00,21.597570364465664
2025-01-13 20:00,23.195778883186588
2025-01-13 21:00,22.43066674330392
2025-01-13 22:00,24.25258739909822
2025-01-13 23:00,29.95473510442474
2025-01-14 00:00,9.727032684257898
2025-01-14 01:00,8.733024237945612
2025-01-14 02:00,22.465009201717404
2025-01-14 03:00,23.18901151667806
2025-01-14 04:00,25.91907402662908
2025-01-14 05:00,23.674027848077817
2025-01-14 06:00,24.53784225154755
2025-01-14 07:00,26.634504522723994
2025-01-14 08:00,23.696029377691936
2025-01-14 09:00,19.45001885417003
2025-01-14 10:00,13.755361919365791
2025-01-14 11:00,16.25337427124669
2025-01-14 12:00,14.65734219789424
2025-01-14 13:00,13.512659697103656
2025-01-14 14:00,23.038173019394417
2025-01-14 15:00,20.49233925615862
2025-01-14 16:00,24.125865601930922
2025-01-14 17:00,27.654165834673858
2025-01-14 18:00,24.82743936716859
2025-01-14 19:00,23.345915280971123
2025-01-14 20:00,28.67705251072501
2025-01-14 21:00,34.861962292369725
2025-01-14 22:00,36.53950643566104
2025-01-14 23:00,31.780908302125823
2025-01-15 00:00,38.00949349159163
2025-01-15 01:00,38.490866220444545
2025-01-15 02:00,37.65845762026815
2025-01-15 03:00,38.26506670012433
2025-01-15 04:00,40.84679262003306
2025-01-15 05:00,48.257929010964986
2025-01-15 06:00,45.781734444634196
2025-01-15 07:00,41.01655738929452
2025-01-15 08:00,43.359307732413946
2025-01-15 09:00,48.29184305524375
2025-01-15 10:00,54.27397682819181
2025-01-15 11:00,52.8996962208339
2025-01-15 12:00,52.16801295237485
2025-01-15 13:00,47.421787875795545
2025-01-15 14:00,45.15221504410337
2025-01-15 15:00,48.08624071569609
2025-01-15 16:00,35.64401504708745
2025-01-15 17:00,38.82540274822576
2025-01-15 18:00,33.20645097971873
2025-01-15 19:00,31.379249383503222
2025-01-15 20:00,32.41154154000551
2025-01-15 21:00,30.98371306078748
2025-01-15 22:00,20.50446071984149
2025-01-15 23:00,6.099932588667087
2025-01-16 00:00,5.74190180472123
2025-01-16 01:00,4.058840013664801
2025-01-16 02:00,0.755292205737878
2025-01-16 03:00,6.089209990645583
2025-01-16 04:00,6.172716959738523
2025-01-16 05:00,12.518197921027312
2025-01-16 06:00,16.339313163627377
2025-01-16 07:00,7.503456081035989
2025-01-16 08:00,14.65205815790588
2025-01-16 09:00,16.403447733044576
2025-01-16 10:00,11.438375234972982
2025-01-16 11:00,9.047827942361172
2025-01-16 12:00,11.680525516630382
2025-01-16 13:00,5.414588115589169
2025-01-16 14:00,8.260961671583361
2025-01-16 15:00,14.746896600892304
2025-01-16 16:00,8.969651342478263
2025-01-16 17:00,7.57052817239726
2025-01-16 18:00,8.956410344923832
2025-01-16 19:00,8.390081762480373
2025-01-16 20:00,11.048150231089021
2025-01-16 21:00,11.706496642211265
2025-01-16 22:00,18.400456605627408
2025-01-16 23:00,22.283538530922726
2025-01-17 00:00,8.547800002866374
2025-01-17 01:00,23.16366005469148
2025-01-17 02:00,23.669426581543412
2025-01-17 03:00,33.31068279301743
2025-01-17 04:00,28.89744102650418
2025-01-17 05:00,20.74488665673569
2025-01-17 06:00,9.738695481641686
2025-01-17 07:00,6.896608224781622
2025-01-17 08:00,5.175106981767225
2025-01-17 09:00,3.7835175942142842
2025-01-17 10:00,4.9018143490405715
2025-01-17 11:00,3.8956681913688582
2025-01-17 12:00,6.4592416083674395
2025-01-17 13:00,12.445770321377719
2025-01-17 14:00,16.230595286779725
2025-01-17 15:00,20.09238560662959
2025-01-17 16:00,17.427085004832374
2025-01-17 17:00,12.777650304192589
2025-01-17 18:00,12.428404483087682
2025-01-17 19:00,17.610809273076
2025-01-17 20:00,11.845468988939988
2025-01-17 21:00,17.21119393029294
2025-01-17 22:00,19.221174208328755
2025-01-17 23:00,17.06375507028432
2025-01-18 00:00,5.328118457316623
2025-01-18 01:00,6.416246381388902
2025-01-18 02:00,11.197949882925949
2025-01-18 03:00,18.324788674560203
2025-01-18 04:00,12.80650095593894
2025-01-18 05:00,9.695282763431877
2025-01-18 06:00,8.297561615634429
2025-01-18 07:00,12.625251726684251
2025-01-18 08:00,9.698182663736624
2025-01-18 09:00,6.466991114439016
2025-01-18 10:00,4.16594522191054
2025-01-18 11:00,2.0582371765504
2025-01-18 12:00,2.349281220100219
2025-01-18 13:00,1.2879106302481003
2025-01-18 14:00,0.5541798034444168
2025-01-18 15:00,2.3472899255314585
2025-01-18 16:00,2.160638245250917
2025-01-18 17:00,9.708350853699184
2025-01-18 18:00,8.80346478546246
2025-01-18 19:00,7.730203536364842
2025-01-18 20:00,13.871309987587003
2025-01-18 21:00,9.977627617307107
2025-01-18 22:00,9.297708838161812
2025-01-18 23:00,7.941864292804499
2025-01-19 00:00,4.661099575702313
2025-01-19 01:00,5.750224815813065
2025-01-19 02:00,6.025536636166462
2025-01-19 03:00,2.7986646145129424
2025-01-19 04:00,5.821075892946159
2025-01-19 05:00,4.53137593993183
2025-01-19 06:00,3.0935485833602465
2025-01-19 07:00,4.490148302739222
2025-01-19 08:00,6.110765580291785
2025-01-19 09:00,7.0294654498888445
2025-01-19 10:00,6.303185568214385
2025-01-19 11:00,4.565775437175539
2025-01-19 12:00,2.873668022893816
2025-01-19 13:00,4.696749000889317
2025-01-19 14:00,2.2018456686339003
2025-01-19 15:00,1.0908617192421524
2025-01-19 16:00,2.9723062296599205
2025-01-19 17:00,1.0381399461069165
2025-01-19 18:00,0.19374262874386308
2025-01-19 19:00,3.204766834798692
2025-01-19 20:00,9.588130336267708
2025-01-19 21:00,11.993496871141403
2025-01-19 22:00,11.381948327927201
2025-01-19 23:00,13.800296332781102
2025-01-20 00:00,5.132134754956847
2025-01-20 01:00,7.594706653972469
2025-01-20 02:00,12.414542593426416
2025-01-20 03:00,9.765196763081821
2025-01-20 04:00,7.291271359887711
2025-01-20 05:00,6.355718834496968
2025-01-20 06:00,8.744034271156474
2025-01-20 07:00,9.482187806147389
2025-01-20 08:00,8.678723673855826
2025-01-20 09:00,6.823058108290979
2025-01-20 10:00,3.5670288260623764
2025-01-20 11:00,11.496518659922721
2025-01-20 12:00,13.894703468257838
2025-01-20 13:00,7.425068819684287
2025-01-20 14:00,5.365173300713896
2025-01-20 15:00,6.1390496351189325
2025-01-20 16:00,4.793556401072995
2025-01-20 17:00,4.845157546205142
2025-01-20 18:00,3.728108383147149
2025-01-20 19:00,5.836677995696931
2025-01-20 20:00,8.681543732715246
2025-01-20 21:00,10.865325461873024
2025-01-20 22:00,9.351075170276136
2025-01-20 23:00,10.560233368140732
2025-01-21 00:00,11.187606936849871
2025-01-21 01:00,10.205704244690223
2025-01-21 02:00,7.06230779995666
2025-01-21 03:00,11.728517935259708
2025-01-21 04:00,9.853615485041383
2025-01-21 05:00,8.388827391115637
2025-01-21 06:00,9.6795224972201
2025-01-21 07:00,4.9600994581756925
2025-01-21 08:00,1.836662111928624
2025-01-21 09:00,2.8197444699017615
2025-01-21 10:00,4.325415495307344
2025-01-21 11:00,3.8864023460361414
2025-01-21 12:00,1.8454953047044385
2025-01-21 13:00,4.358045975058182
2025-01-21 14:00,1.5667203678183672
2025-01-21 15:00,1.3969067231234655
2025-01-21 16:00,1.413904655850859
2025-01-21 17:00,1.129948085675872
2025-01-21 18:00,0.8205045852903259
2025-01-21 19:00,0.0
2025-01-21 20:00,3.3221939554130784
2025-01-21 21:00,6.366601701360333
2025-01-21 22:00,9.445575539619544
2025-01-21 23:00,10.925136176961216
2025-01-22 00:00,1.3681056225415948
2025-01-22 01:00,1.0869314525214426
2025-01-22 02:00,3.819527652836607
2025-01-22 03:00,5.709169830316178
2025-01-22 04:00,7.394074818638738
2025-01-22 05:00,8.036529097387756
2025-01-22 06:00,5.71479333172163
2025-01-22 07:00,2.1243643864519384
2025-01-22 08:00,2.985530620419239
2025-01-22 09:00,5.951602848803013
2025-01-22 10:00,2.5347506069887027
2025-01-22 11:00,9.823610603356052
2025-01-22 12:00,4.591701270614984
2025-01-22 13:00,5.443547469027418
2025-01-22 14:00,3.2122209986617456
2025-01-22 15:00,3.454034986565928
2025-01-22 16:00,4.147712744364811
2025-01-22 17:00,6.778210692150032
2025-01-22 18:00,5.3279255090315125
2025-01-22 19:00,7.006165758638857
2025-01-22 20:00,8.062908233741135
2025-01-22 21:00,9.52239738407848
2025-01-22 22:00,7.755701637374424
2025-01-22 23:00,7.3455653260222515
2025-01-23 00:00,7.3965844114008465
2025-01-23 01:00,15.691303345073427
2025-01-23 02:00,13.045112359784591
2025-01-23 03:00,17.542362711896594
2025-01-23 04:00,11.116600622813083
2025-01-23 05:00,9.6516114800817
2025-01-23 06:00,7.593607585030306
2025-01-23 07:00,7.072651877090428
2025-01-23 08:00,2.261884963610517
2025-01-23 09:00,3.111917150882087
2025-01-23 10:00,5.374112482575959
2025-01-23 11:00,6.296137794844807
2025-01-23 12:00,3.63129066026571
2025-01-23 13:00,3.743462140231198
2025-01-23 14:00,1.9714205136302998
2025-01-23 15:00,2.298101498651543
2025-01-23 16:00,4.872491093615829
2025-01-23 17:00,13.096024179565099
2025-01-23 18:00,10.548473089469674
2025-01-23 19:00,15.071484695426772
2025-01-23 20:00,17.37213903067809
2025-01-23 21:00,14.595515976167167
2025-01-23 22:00,15.081720061903152
2025-01-23 23:00,20.069649364109793
2025-01-24 00:00,14.791055269679292
2025-01-24 01:00,13.161563428765874
2025-01-24 02:00,12.276903687993448
2025-01-24 03:00,16.191408412490325
2025-01-24 04:00,17.697266249315923
2025-01-24 05:00,16.175506539822713
2025-01-24 06:00,16.37196382990697
2025-01-24 07:00,15.886847783215114
2025-01-24 08:00,17.886900860100443
2025-01-24 09:00,9.423451053646065
2025-01-24 10:00,11.322565402329513
2025-01-24 11:00,5.865864476059789
2025-01-24 12:00,6.0168860615046
2025-01-24 13:00,15.97070326971439
2025-01-24 14:00,21.553522936855114
2025-01-24 15:00,15.057728295298148
2025-01-24 16:00,18.37249815398234
2025-01-24 17:00,15.328900923565332
2025-01-24 18:00,16.03815184037547
2025-01-24 19:00,20.78289192034083
2025-01-24 20:00,19.354867290733715
2025-01-24 21:00,15.517206838112557
2025-01-24 22:00,20.066944402105797
2025-01-24 23:00,15.23228029628319
2025-01-25 00:00,17.29482821867062
2025-01-25 01:00,25.800740908634996
2025-01-25 02:00,27.42835320178865
2025-01-25 03:00,26.10369413259704
2025-01-25 04:00,19.155951160912803
2025-01-25 05:00,16.626946202855926
2025-01-25 06:00,22.08016923872074
2025-01-25 07:00,18.753483277694997
2025-01-25 08:00,18.62166695874289
2025-01-25 09:00,16.06351220796781
2025-01-25 10:00,16.20829938224176
2025-01-25 11:00,12.974998636228335
2025-01-25 12:00,8.487336009624512
2025-01-25 13:00,8.522987473562775
2025-01-25 14:00,4.517001835614095
2025-01-25 15:00,6.4733165820847365
2025-01-25 16:00,3.6616812758186805
2025-01-25 17:00,7.506291239008636
2025-01-25 18:00,7.965302521273317
2025-01-25 19:00,7.293898761589082
2025-01-25 20:00,1.6068616155542113
2025-01-25 21:00,4.7289752921893475
2025-01-25 22:00,5.996738907388137
2025-01-25 23:00,4.453519395266548
2025-01-26 00:00,5.462960633289235
2025-01-26 01:00,5.917571645932304
2025-01-26 02:00,10.584362154449181
2025-01-26 03:00,13.949722968199444
2025-01-26 04:00,18.630283068201283
2025-01-26 05:00,19.44837255276754
2025-01-26 06:00,18.347706709289913
2025-01-26 07:00,11.910779468876314
2025-01-26 08:00,7.831542354901854
2025-01-26 09:00,6.57554806673504
2025-01-26 10:00,3.8496210246322464
2025-01-26 11:00,2.979410664953296
2025-01-26 12:00,0.4471135826218882
2025-01-26 13:00,1.2103976171975466
2025-01-26 14:00,2.3546598433353845
2025-01-26 15:00,1.054287010300063
2025-01-26 16:00,3.2500629220540964
2025-01-26 17:00,2.0823609836286767
2025-01-26 18:00,0.8652132459914922
2025-01-26 19:00,4.456095322893872
2025-01-26 20:00,3.878583727426322
2025-01-26 21:00,2.838012056942598
2025-01-26 22:00,2.0329228661553973
2025-01-26 23:00,3.715894230333921
2025-01-27 00:00,3.2582621855505747
2025-01-27 01:00,5.582563632339978
2025-01-27 02:00,8.76808779427097
2025-01-27 03:00,4.593043779312072
2025-01-27 04:00,6.307338815091388
2025-01-27 05:00,18.674393668342105
2025-01-27 06:00,22.048441006181008
2025-01-27 07:00,27.509520056757484
2025-01-27 08:00,29.590487078111614
2025-01-27 09:00,29.897485793517923
2025-01-27 10:00,44.48818542125514
2025-01-27 11:00,31.31552790111587
2025-01-27 12:00,28.53145897476207
2025-01-27 13:00,27.14481418305315
2025-01-27 14:00,35.79018169955186
2025-01-27 15:00,25.896568653326344
2025-01-27 16:00,28.170220464948773
2025-01-27 17:00,47.24566912027938
2025-01-27 18:00,39.60572050279272
2025-01-27 19:00,35.91700801916537
2025-01-27 20:00,34.051543058762476
2025-01-27 21:00,27.404123838463555
2025-01-27 22:00,38.35933925802067
2025-01-27 23:00,33.83652209775658
2025-01-28 00:00,24.376332044602695
2025-01-28 01:00,36.2797519044398
2025-01-28 02:00,40.28652425504144
2025-01-28 03:00,47.132864375724736
2025-01-28 04:00,31.845380433352176
2025-01-28 05:00,37.15724457796725
2025-01-28 06:00,30.12531919921369
2025-01-28 07:00,36.55208210135098
2025-01-28 08:00,40.135644282168016
2025-01-28 09:00,52.629722301620845
2025-01-28 10:00,40.407114583797515
2025-01-28 11:00,43.43234181000486
2025-01-28 12:00,46.359799132990794
2025-01-28 13:00,51.62287580301123
2025-01-28 14:00,48.379419380923665
2025-01-28 15:00,38.89148221094651
2025-01-28 16:00,47.654921177335446
2025-01-28 17:00,53.4229320549035
2025-01-28 18:00,48.37458664994081
2025-01-28 19:00,47.03404259054633
2025-01-28 20:00,52.12354764409692
2025-01-28 21:00,41.65545620102437
2025-01-28 22:00,37.98853977014336
2025-01-28 23:00,40.6873569704993
2025-01-29 00:00,39.80329484884093
2025-01-29 01:00,50.77374027628682
2025-01-29 02:00,30.843686072408108
2025-01-29 03:00,47.1737872994243
2025-01-29 04:00,43.51710039280004
2025-01-29 05:00,51.42273577396206
2025-01-29 06:00,43.58456680612865
2025-01-29 07:00,51.50833738198555
2025-01-29 08:00,47.513621539404866
2025-01-29 09:00,50.3277009337879
2025-01-29 10:00,51.89148797193863
2025-01-29 11:00,48.10446075303177
2025-01-29 12:00,47.76078014891931
2025-01-29 13:00,49.303020853003076
2025-01-29 14:00,53.20758550995513
2025-01-29 15:00,49.83929222772614
2025-01-29 16:00,51.42464955132402
2025-01-29 17:00,56.11771353339567
2025-01-29 18:00,49.79753014830455
2025-01-29 19:00,48.110322995167735
2025-01-29 20:00,34.821115271428006
2025-01-29 21:00,31.596122851587033
2025-01-29 22:00,26.927214168258054
2025-01-29 23:00,45.38752177547553
2025-01-30 00:00,20.745386230537854
2025-01-30 01:00,19.28741187074901
2025-01-30 02:00,19.576206087742005
2025-01-30 03:00,15.908214999489934
2025-01-30 04:00,5.755040660796868
2025-01-30 05:00,4.614513323630965
2025-01-30 06:00,7.7394040279413
2025-01-30 07:00,10.800918012819361
2025-01-30 08:00,6.680892353420144
2025-01-30 09:00,13.28980271188966
2025-01-30 10:00,11.239177971240187
2025-01-30 11:00,7.6569421565753935
2025-01-30 12:00,10.086837367138568
2025-01-30 13:00,8.286511037177876
2025-01-30 14:00,5.7010337797597
2025-01-30 15:00,5.047250606762001
2025-01-30 16:00,6.011842217035027
2025-01-30 17:00,7.265333577469008
2025-01-30 18:00,8.148596481704368
2025-01-30 19:00,13.331490616194642
2025-01-30 20:00,10.665326757338315
2025-01-30 21:00,7.6424140531357745
2025-01-30 22:00,15.760754976649913
2025-01-30 23:00,15.26537061933061
2025-01-31 00:00,6.898915901942573
2025-01-31 01:00,7.046832717688533
2025-01-31 02:00,7.521269127497585
2025-01-31 03:00,7.897597119743136
2025-01-31 04:00,7.272232339393258
2025-01-31 05:00,7.9235386558803995
2025-01-31 06:00,5.7810806643469554
2025-01-31 07:00,7.336642412001424
2025-01-31 08:00,6.245161091897955
2025-01-31 09:00,7.595935070097875
2025-01-31 10:00,6.959896902753014
2025-01-31 11:00,11.964452703975502
2025-01-31 12:00,14.06519651323952
2025-01-31 13:00,7.163290693041738
2025-01-31 14:00,5.33109533456263
2025-01-31 15:00,4.830058812241702
2025-01-31 16:00,3.134055189015965
2025-01-31 17:00,3.2114798153558035
2025-01-31 18:00,4.926012688471132
2025-01-31 19:00,5.944138677844758
2025-01-31 20:00,8.717716486886365
2025-01-31 21:00,7.39595184281229
2025-01-31 22:00,6.927231143662751
2025-01-31 23:00,5.976135565310645
2025-02-01 00:00,8.526227242580948
2025-02-01 01:00,6.349829962317541
2025-02-01 02:00,6.454681849557628
2025-02-01 03:00,4.087055045069418
2025-02-01 04:00,2.2621229617644296
2025-02-01 05:00,5.56475977981289
2025-02-01 06:00,9.69306556691225
2025-02-01 07:00,5.9005937252100695
2025-02-01 08:00,6.239433972425208
2025-02-01 09:00,5.3347595568978345
2025-02-01 10:00,5.453879750425176
2025-02-01 11:00,6.125589674943454
2025-02-01 12:00,6.442383891123577
2025-02-01 13:00,7.366046832984203
2025-02-01 14:00,10.105288405875875
2025-02-01 15:00,9.162195616475076
2025-02-01 16:00,10.90809792447115
2025-02-01 17:00,10.231207429990953
2025-02-01 18:00,11.27806568037799
2025-02-01 19:00,17.947448423716285
2025-02-01 20:00,14.612741311120033
2025-02-01 21:00,13.217207458662909
2025-02-01 22:00,15.217025440327914
2025-02-01 23:00,17.76498717411591
2025-02-02 00:00,20.6702684637178
2025-02-02 01:00,22.031565917071962
2025-02-02 02:00,13.971331834842664
2025-02-02 03:00,14.727010276483751
2025-02-02 04:00,7.590904110559346
2025-02-02 05:00,7.403904917124165
2025-02-02 06:00,7.734455011452645
2025-02-02 07:00,9.296503881487071
2025-02-02 08:00,6.3409407920163945
2025-02-02 09:00,7.463872307154241
2025-02-02 10:00,8.02822924575933
2025-02-02 11:00,10.414007194192488
2025-02-02 12:00,6.316437210973251
2025-02-02 13:00,7.762338107279879
2025-02-02 14:00,6.601984339990994
2025-02-02 15:00,7.682516767417346
2025-02-02 16:00,15.553934945750527
2025-02-02 17:00,22.581109167110068
2025-02-02 18:00,28.570424404016624
2025-02-02 19:00,25.871050097351894
2025-02-02 20:00,18.985375026075417
2025-02-02 21:00,21.967599372211797
2025-02-02 22:00,22.631532522766904
2025-02-02 23:00,32.37700946396445
2025-02-03 00:00,27.508119256205433
2025-02-03 01:00,31.98678844838739
2025-02-03 02:00,36.17096021724855
2025-02-03 03:00,36.38691357122384
2025-02-03 04:00,49.075480168891666
2025-02-03 05:00,55.132780470321954
2025-02-03 06:00,54.58959212964463
2025-02-03 07:00,54.791672489997396
2025-02-03 08:00,52.94593884489301
2025-02-03 09:00,55.90945266030833
2025-02-03 10:00,53.29839163116625
2025-02-03 11:00,57.38376165497671
2025-02-03 12:00,57.23623134514337
2025-02-03 13:00,56.81405687997408
2025-02-03 14:00,54.800698822326645
2025-02-03 15:00,56.405193083913915
2025-02-03 16:00,54.75957833807429
2025-02-03 17:00,51.84892137733726
2025-02-03 18:00,51.692075046768686
2025-02-03 19:00,49.86159338039062
2025-02-03 20:00,51.01299045149774
2025-02-03 21:00,52.14389353913154
2025-02-03 22:00,55.077922227221016
2025-02-03 23:00,52.63537751810222
2025-02-04 00:00,47.38941912056691
2025-02-04 01:00,51.52844366615081
2025-02-04 02:00,53.26239465901775
2025-02-04 03:00,54.02693803722369
2025-02-04 04:00,49.338024988434874
2025-02-04 05:00,43.76791389107233
2025-02-04 06:00,50.84554561027069
2025-02-04 07:00,47.41932634933399
2025-02-04 08:00,48.0619618358452
2025-02-04 09:00,48.31092611314395
2025-02-04 10:00,49.816784808083035
2025-02-04 11:00,51.47334893553253
2025-02-04 12:00,53.1743211579675
2025-02-04 13:00,52.866595178632565
2025-02-04 14:00,51.980829693270366
2025-02-04 15:00,49.205804483482105
2025-02-04 16:00,47.13264409415755
2025-02-04 17:00,49.20351152528104
2025-02-04 18:00,44.900807969694945
2025-02-04 19:00,49.230984957066234
2025-02-04 20:00,46.568497490303095
2025-02-04 21:00,46.05845193908706
2025-02-04 22:00,47.02002947025862
2025-02-04 23:00,44.31298173392447
2025-02-05 00:00,45.40787414768959
2025-02-05 01:00,47.857650014768836
2025-02-05 02:00,47.8736301828891
2025-02-05 03:00,27.473677460901026
2025-02-05 04:00,53.07238392496626
2025-02-05 05:00,47.219494223921465
2025-02-05 06:00,28.45185611858498
2025-02-05 07:00,29.973325611690314
2025-02-05 08:00,23.458141357116176
2025-02-05 09:00,24.068518022162312
2025-02-05 10:00,28.111057081809072
2025-02-05 11:00,27.938057231392868
2025-02-05 12:00,27.422604048841965
2025-02-05 13:00,27.853106019798954
2025-02-05 14:00,41.544749382928266
2025-02-05 15:00,41.870379167646824
2025-02-05 16:00,43.004987599933344
2025-02-05 17:00,46.13326567271739
2025-02-05 18:00,48.03719891691481
2025-02-05 19:00,50.68543164611283
2025-02-05 20:00,46.927009597930905
2025-02-05 21:00,50.16475865867482
2025-02-05 22:00,50.05293086946362
2025-02-05 23:00,50.54429087691176
2025-02-06 00:00,43.89185595919341
2025-02-06 01:00,37.472335618985
2025-02-06 02:00,36.42666505201557
2025-02-06 03:00,23.93126521480168
2025-02-06 04:00,24.46184752564668
2025-02-06 05:00,14.759846919209734
2025-02-06 06:00,11.430744956673198
2025-02-06 07:00,4.0936264097135435
2025-02-06 08:00,8.42103100585657
2025-02-06 09:00,6.023949209004468
2025-02-06 10:00,9.810486427260964
2025-02-06 11:00,14.705207804092225
2025-02-06 12:00,18.42769465504804
2025-02-06 13:00,26.402442091660756
2025-02-06 14:00,27.72992837415452
2025-02-06 15:00,21.633261424267648
2025-02-06 16:00,10.52074631290235
2025-02-06 17:00,16.939008797326967
2025-02-06 18:00,27.68765649529843
2025-02-06 19:00,35.65034438390734
2025-02-06 20:00,37.447152728848806
2025-02-06 21:00,42.54171750715591
2025-02-06 22:00,41.32935179882313
2025-02-06 23:00,43.30083292595698
2025-02-07 00:00,16.065897166250682
2025-02-07 01:00,10.013230943674627
2025-02-07 02:00,12.983448916295178
2025-02-07 03:00,10.816565384266708
2025-02-07 04:00,7.965586394284494
2025-02-07 05:00,16.479292557618113
2025-02-07 06:00,23.94444866044373
2025-02-07 07:00,29.23855577234267
2025-02-07 08:00,41.00009918056522
2025-02-07 09:00,46.194928419399886
2025-02-07 10:00,48.7510624741579
2025-02-07 11:00,50.19365118405846
2025-02-07 12:00,52.27196800696612
2025-02-07 13:00,50.53515641956515
2025-02-07 14:00,49.55668535954917
2025-02-07 15:00,49.67890340592648
2025-02-07 16:00,49.581061684483906
2025-02-07 17:00,51.695197283772096
2025-02-07 18:00,48.217093431744566
2025-02-07 19:00,54.312719319536654
2025-02-07 20:00,53.98870451768883
2025-02-07 21:00,56.014059960709545
2025-02-07 22:00,53.25235623225376
2025-02-07 23:00,50.395153583140264
2025-02-08 00:00,45.32725238930425
2025-02-08 01:00,40.187536273813
2025-02-08 02:00,37.08290928927871
2025-02-08 03:00,24.854558303424778
2025-02-08 04:00,28.446920982913436
2025-02-08 05:00,25.102496167160897
2025-02-08 06:00,22.602971631699045
2025-02-08 07:00,25.285045602803756
2025-02-08 08:00,38.98621693661083
2025-02-08 09:00,28.1313426275087
2025-02-08 10:00,34.73067638601309
2025-02-08 11:00,48.63665383720578
2025-02-08 12:00,54.888731226868664
2025-02-08 13:00,54.91387826954692
2025-02-08 14:00,56.998724364194274
2025-02-08 15:00,57.93175234358606
2025-02-08 16:00,49.878407247147145
2025-02-08 17:00,41.66860085399784
2025-02-08 18:00,34.41925671851401
2025-02-08 19:00,27.756186305544954
2025-02-08 20:00,13.717713437790685
2025-02-08 21:00,7.74562866670615
2025-02-08 22:00,5.966141694272735
2025-02-08 23:00,6.528699898530942
2025-02-09 00:00,9.009418316882481
2025-02-09 01:00,5.609521125123998
2025-02-09 02:00,6.201927193387952
2025-02-09 03:00,7.788958053231608
2025-02-09 04:00,5.828175243431578
2025-02-09 05:00,6.91815752076937
2025-02-09 06:00,11.031927452692646
2025-02-09 07:00,9.747842607628973
2025-02-09 08:00,8.05029256696698
2025-02-09 09:00,3.0324499166231726
2025-02-09 10:00,2.579988877857702
2025-02-09 11:00,1.5464772199850527
2025-02-09 12:00,5.243622996150652
2025-02-09 13:00,7.387073809162209
2025-02-09 14:00,9.374524570332788
2025-02-09 15:00,23.435862707637966
2025-02-09 16:00,29.900754007317317
2025-02-09 17:00,23.943262372395093
2025-02-09 18:00,26.58626989193412
2025-02-09 19:00,27.47010145394494
2025-02-09 20:00,28.36051181416771
2025-02-09 21:00,27.141955240102007
2025-02-09 22:00,13.324878814183329
2025-02-09 23:00,15.144245732800467
2025-02-10 00:00,14.233357651838203
2025-02-10 01:00,8.420890846083392
2025-02-10 02:00,10.04687512104611
2025-02-10 03:00,11.877397187272587
2025-02-10 04:00,8.707322223318663
2025-02-10 05:00,3.404799674417967
2025-02-10 06:00,1.028894698464364
2025-02-10 07:00,2.549355888638029
2025-02-10 08:00,3.0560853936285306
2025-02-10 09:00,4.817873988555473
2025-02-10 10:00,5.801278843062339
2025-02-10 11:00,6.720366968846892
2025-02-10 12:00,4.003248916530999
2025-02-10 13:00,3.2693302852309585
2025-02-10 14:00,16.275247616228054
2025-02-10 15:00,12.278646521812465
2025-02-10 16:00,29.500509104302242
2025-02-10 17:00,17.736366582842827
2025-02-10 18:00,22.589314814728322
2025-02-10 19:00,16.612548109182136
2025-02-10 20:00,12.375371337113597
2025-02-10 21:00,4.499503264966972
2025-02-10 22:00,3.9622609038434864
2025-02-10 23:00,2.847104188548546
2025-02-11 00:00,3.8200663266996315
2025-02-11 01:00,2.8318038212015053
2025-02-11 02:00,3.780561922944743
2025-02-11 03:00,5.3238958205424955
2025-02-11 04:00,5.138951344105494
2025-02-11 05:00,5.25546248054607
2025-02-11 06:00,2.2526110475235774
2025-02-11 07:00,1.6543403785309172
2025-02-11 08:00,2.270214337007061
2025-02-11 09:00,0.9968212827856168
2025-02-11 10:00,1.5711932972516525
2025-02-11 11:00,1.4915093167544349
2025-02-11 12:00,0.9801521443766782
2025-02-11 13:00,0.0
2025-02-11 14:00,0.7043383780596514
2025-02-11 15:00,0.7220900371443916
2025-02-11 16:00,0.24334157124919073
2025-02-11 17:00,2.6417706654401782
2025-02-11 18:00,7.196294418204078
2025-02-11 19:00,8.416860820044331
2025-02-11 20:00,2.9065040625342715
2025-02-11 21:00,3.224411763583081
2025-02-11 22:00,6.735909119153348
2025-02-11 23:00,3.8446665715191064
2025-02-12 00:00,2.9393859519462047
2025-02-12 01:00,6.511495652730263
2025-02-12 02:00,2.940827536648345
2025-02-12 03:00,4.170612228748539
2025-02-12 04:00,5.667164104208084
2025-02-12 05:00,4.306656566195559
2025-02-12 06:00,8.815017332843055
2025-02-12 07:00,11.04620098289543
2025-02-12 08:00,7.823424896545662
2025-02-12 09:00,5.255936211670316
2025-02-12 10:00,5.2200294909753495
2025-02-12 11:00,9.26957293158888
2025-02-12 12:00,6.7989740593949985
2025-02-12 13:00,22.14562727302314
2025-02-12 14:00,36.11550242366803
2025-02-12 15:00,33.941045382451236
2025-02-12 16:00,33.06079230015615
2025-02-12 17:00,52.54535083824416
2025-02-12 18:00,55.89593245843931
2025-02-12 19:00,54.96205559787548
2025-02-12 20:00,54.513467029856486
2025-02-12 21:00,54.446741048378335
2025-02-12 22:00,56.2350458591721
2025-02-12 23:00,53.94831805531655
2025-02-13 00:00,55.87280796452789
2025-02-13 01:00,49.26761021187337
2025-02-13 02:00,43.34853731446036
2025-02-13 03:00,32.956367042333916
2025-02-13 04:00,15.982566548260184
2025-02-13 05:00,7.809842959749785
2025-02-13 06:00,6.162338914788434
2025-02-13 07:00,2.3189374412827357
2025-02-13 08:00,1.6147434270706729
2025-02-13 09:00,1.511160916624473
2025-02-13 10:00,2.6659309635749007
2025-02-13 11:00,1.9898847124093642
2025-02-13 12:00,3.6458415650916636
2025-02-13 13:00,8.06738449326173
2025-02-13 14:00,8.070884722027124
2025-02-13 15:00,6.861436445410188
2025-02-13 16:00,12.603743369984139
2025-02-13 17:00,11.226553814052515
2025-02-13 18:00,9.174214828781192
2025-02-13 19:00,15.09927633176809
2025-02-13 20:00,17.390919229764908
2025-02-13 21:00,11.278167221132737
2025-02-13 22:00,14.228877553986395
2025-02-13 23:00,15.625187072352247
2025-02-14 00:00,12.308287653829446
2025-02-14 01:00,15.484140036724781
2025-02-14 02:00,17.17295656773671
2025-02-14 03:00,15.971428797522519
2025-02-14 04:00,14.42998849850423
2025-02-14 05:00,14.432716440289804
2025-02-14 06:00,9.203756928971547
2025-02-14 07:00,12.867816544204645
2025-02-14 08:00,9.13201439438068
2025-02-14 09:00,4.52048421606048
2025-02-14 10:00,5.520914688119104
2025-02-14 11:00,5.427715321767146
2025-02-14 12:00,3.143647123719869
2025-02-14 13:00,0.8843670307480884
2025-02-14 14:00,1.492893901337052
2025-02-14 15:00,0.3076749446892753
2025-02-14 16:00,0.9247540432520687
2025-02-14 17:00,1.1961590776175257
2025-02-14 18:00,2.67754338611225
2025-02-14 19:00,4.231216783681803
2025-02-14 20:00,4.303242115894126
2025-02-14 21:00,10.055401961041293
2025-02-14 22:00,9.988573981198208
2025-02-14 23:00,15.506901311228198
2025-02-15 00:00,7.884562547824569
2025-02-15 01:00,8.952809269418246
2025-02-15 02:00,6.667957622178458
2025-02-15 03:00,2.882237688651864
2025-02-15 04:00,3.2400199457592165
2025-02-15 05:00,4.110639524786321
2025-02-15 06:00,6.35752991709365
2025-02-15 07:00,7.711043287059111
2025-02-15 08:00,5.597875118477143
2025-02-15 09:00,6.083420222491469
2025-02-15 10:00,11.757423860959838
2025-02-15 11:00,11.381455455338196
2025-02-15 12:00,6.592087897460957
2025-02-15 13:00,4.716921683388158
2025-02-15 14:00,4.211989073350552
2025-02-15 15:00,4.519178006335769
2025-02-15 16:00,4.235649650746364
2025-02-15 17:00,1.5947963074890084
2025-02-15 18:00,3.923577351374231
2025-02-15 19:00,4.659236438880572
2025-02-15 20:00,7.408704663751546
2025-02-15 21:00,2.718562926565008
2025-02-15 22:00,8.594598173411997
2025-02-15 23:00,7.978584309712789
2025-02-16 00:00,10.45957636481607
2025-02-16 01:00,5.983185029498342
2025-02-16 02:00,6.263051962586224
2025-02-16 03:00,6.2107344987211786
2025-02-16 04:00,4.553858877739702
2025-02-16 05:00,3.9711973373883094
2025-02-16 06:00,5.454146187720657
2025-02-16 07:00,9.430720671847077
2025-02-16 08:00,8.908546664663676
2025-02-16 09:00,6.2171522042220335
2025-02-16 10:00,8.01077042535696
2025-02-16 11:00,7.571257659957745
2025-02-16 12:00,13.245748184974397
2025-02-16 13:00,13.215928937515718
2025-02-16 14:00,7.238700036262695
2025-02-16 15:00,9.646608217489929
2025-02-16 16:00,20.60890792571589
2025-02-16 17:00,13.110162759791573
2025-02-16 18:00,18.843207732984776
2025-02-16 19:00,11.147557020386248
2025-02-16 20:00,37.50133457272675
2025-02-16 21:00,40.61490239351317
2025-02-16 22:00,39.9841913373987
2025-02-16 23:00,45.99628291128376
2025-02-17 00:00,49.50641415526626
2025-02-17 01:00,49.60360521583969
2025-02-17 02:00,45.040839395214405
2025-02-17 03:00,37.623410064910615
2025-02-17 04:00,33.37828142092279
2025-02-17 05:00,39.089085711661575
2025-02-17 06:00,42.55860803315566
2025-02-17 07:00,35.89894046456635
2025-02-17 08:00,36.32281945656433
2025-02-17 09:00,32.61305971220551
2025-02-17 10:00,49.34744266528645
2025-02-17 11:00,49.56396825323651
2025-02-17 12:00,49.40827899300327
2025-02-17 13:00,48.853697438475145
2025-02-17 14:00,46.728156851268615
2025-02-17 15:00,43.87732669241223
2025-02-17 16:00,46.434558436932505
2025-02-17 17:00,47.14709369633005
2025-02-17 18:00,41.01505393566799
2025-02-17 19:00,37.758424658018136
2025-02-17 20:00,37.74093165883864
2025-02-17 21:00,34.10017884438469
2025-02-17 22:00,34.92992397588593
2025-02-17 23:00,36.776198123095405
2025-02-18 00:00,37.890309183889805
2025-02-18 01:00,32.004708592878174
2025-02-18 02:00,33.53827675846063
2025-02-18 03:00,33.28977523626716
2025-02-18 04:00,38.708932723948514
2025-02-18 05:00,35.39063845967246
2025-02-18 06:00,28.36350992184046
2025-02-18 07:00,29.857340940445678
2025-02-18 08:00,25.96706947697687
2025-02-18 09:00,41.00110482987077
2025-02-18 10:00,48.31233062883905
2025-02-18 11:00,49.380420766051564
2025-02-18 12:00,48.755999245007324
2025-02-18 13:00,47.64481146221296
2025-02-18 14:00,46.38002055318328
2025-02-18 15:00,49.874329118930554
2025-02-18 16:00,44.61414312493539
2025-02-18 17:00,46.670047010957305
2025-02-18 18:00,40.938862151251385
2025-02-18 19:00,35.70670966392362
2025-02-18 20:00,40.265020231478665
2025-02-18 21:00,41.46135514785641
2025-02-18 22:00,42.96796234747482
2025-02-18 23:00,43.40626541383657
2025-02-19 00:00,34.38676961546322
2025-02-19 01:00,35.6729292514024
2025-02-19 02:00,30.773675939063544
2025-02-19 03:00,26.871182316358983
2025-02-19 04:00,21.338408610310132
2025-02-19 05:00,30.609572107826434
2025-02-19 06:00,34.3633987853853
2025-02-19 07:00,36.008592695116214
2025-02-19 08:00,36.714574097648985
2025-02-19 09:00,47.352401244301504
2025-02-19 10:00,49.04225819662622
2025-02-19 11:00,49.17878159357406
2025-02-19 12:00,49.81072197329056
2025-02-19 13:00,48.69309146431731
2025-02-19 14:00,48.34531632601408
2025-02-19 15:00,45.4006243838051
2025-02-19 16:00,50.23429925420265
2025-02-19 17:00,49.27276031134778
2025-02-19 18:00,44.615390819055364
2025-02-19 19:00,35.96679822552519
2025-02-19 20:00,30.96079794254769
2025-02-19 21:00,31.392065875893763
2025-02-19 22:00,31.78230968250682
2025-02-19 23:00,29.719928093817636
2025-02-20 00:00,23.87832543621044
2025-02-20 01:00,19.76637074648976
2025-02-20 02:00,17.621764793390938
2025-02-20 03:00,19.360920225751475
2025-02-20 04:00,17.49623922271566
2025-02-20 05:00,15.987981466196711
2025-02-20 06:00,10.73218503457682
2025-02-20 07:00,6.077244495007201
2025-02-20 08:00,1.3763397303047626
2025-02-20 09:00,10.531021239802856
2025-02-20 10:00,25.207502255820522
2025-02-20 11:00,34.56787526747583
2025-02-20 12:00,34.88575002994513
2025-02-20 13:00,38.418494843051874
2025-02-20 14:00,40.83302884287213
2025-02-20 15:00,43.74778861939395
2025-02-20 16:00,45.15827548583354
2025-02-20 17:00,41.6368429677868
2025-02-20 18:00,36.31601817320897
2025-02-20 19:00,35.35643808810966
2025-02-20 20:00,34.51341747638679
2025-02-20 21:00,34.279808149421825
2025-02-20 22:00,40.05957352563765
2025-02-20 23:00,39.096789072683066
2025-02-21 00:00,36.25427324910287
2025-02-21 01:00,31.386862946977914
2025-02-21 02:00,23.15212450855456
2025-02-21 03:00,16.60484564743597
2025-02-21 04:00,15.319687292197058
2025-02-21 05:00,11.26980880615511
2025-02-21 06:00,9.464296475603245
2025-02-21 07:00,9.82403280598746
2025-02-21 08:00,8.393265386079982
2025-02-21 09:00,15.377984012574222
2025-02-21 10:00,25.32390823135856
2025-02-21 11:00,28.75988500287125
2025-02-21 12:00,29.12162919432651
2025-02-21 13:00,29.783799398275477
2025-02-21 14:00,30.62094344518391
2025-02-21 15:00,39.19197039096907
2025-02-21 16:00,37.90707433786437
2025-02-21 17:00,40.09876710310819
2025-02-21 18:00,40.745783335432506
2025-02-21 19:00,34.35456228384273
2025-02-21 20:00,30.63933208574477
2025-02-21 21:00,29.576326064842956
2025-02-21 22:00,28.364297547396575
2025-02-21 23:00,30.59108408223538
2025-02-22 00:00,24.408549202807563
2025-02-22 01:00,16.982196903640734
2025-02-22 02:00,19.315785860313607
2025-02-22 03:00,50.35947374484631
2025-02-22 04:00,46.54516521070782
2025-02-22 05:00,46.42149906357409
2025-02-22 06:00,38.72006938616081
2025-02-22 07:00,35.14454782659807
2025-02-22 08:00,27.48357086441255
2025-02-22 09:00,27.829231402862614
2025-02-22 10:00,27.498881790044145
2025-02-22 11:00,30.481734110212543
2025-02-22 12:00,32.23099297807592
2025-02-22 13:00,33.310290386845885
2025-02-22 14:00,37.7263819652309
2025-02-22 15:00,36.67610671876384
2025-02-22 16:00,35.97461230952461
2025-02-22 17:00,38.12324338580468
2025-02-22 18:00,37.17250141360935
2025-02-22 19:00,30.48077691210063
2025-02-22 20:00,30.30899621607308
2025-02-22 21:00,16.668397236565625
2025-02-22 22:00,28.44108654465904
2025-02-22 23:00,30.981216475125006
2025-02-23 00:00,27.3690864610535
2025-02-23 01:00,29.435813053194593
2025-02-23 02:00,29.223165186245524
2025-02-23 03:00,24.02277910218121
2025-02-23 04:00,10.446463403867494
2025-02-23 05:00,6.31122205737547
2025-02-23 06:00,0.7519505803547082
2025-02-23 07:00,10.740806744074048
2025-02-23 08:00,27.95332039456395
2025-02-23 09:00,43.933528386925886
2025-02-23 10:00,43.34212204798749
2025-02-23 11:00,42.135617510389274
2025-02-23 12:00,45.003509652967935
2025-02-23 13:00,46.680457457849386
2025-02-23 14:00,46.881787285895925
2025-02-23 15:00,46.251859718260135
2025-02-23 16:00,44.23336815149978
2025-02-23 17:00,51.90077558785306
2025-02-23 18:00,48.84843701656985
2025-02-23 19:00,47.569479962481516
2025-02-23 20:00,44.120217875480776
2025-02-23 21:00,43.41968999058866
2025-02-23 22:00,42.82446831711421
2025-02-23 23:00,43.2006778570632
2025-02-24 00:00,36.765674102181826
2025-02-24 01:00,34.856873684433786
2025-02-24 02:00,31.515609713162444
2025-02-24 03:00,30.397057909802875
2025-02-24 04:00,25.208901141003132
2025-02-24 05:00,13.948270584783163
2025-02-24 06:00,13.36702502604037
2025-02-24 07:00,2.733736323115955
2025-02-24 08:00,5.356954524324104
2025-02-24 09:00,6.1960404111310625
2025-02-24 10:00,25.834148872587306
2025-02-24 11:00,32.233517071395205
2025-02-24 12:00,24.114913456193474
2025-02-24 13:00,22.147348478604226
2025-02-24 14:00,16.58059441834629
2025-02-24 15:00,15.263919329332237
2025-02-24 16:00,17.554022022746576
2025-02-24 17:00,23.522926832605446
2025-02-24 18:00,23.5129013539213
2025-02-24 19:00,13.913458775262617
2025-02-24 20:00,14.49115811890339
2025-02-24 21:00,9.90647422247629
2025-02-24 22:00,3.9942054457742096
2025-02-24 23:00,3.748367370781323
2025-02-25 00:00,3.034654748719517
2025-02-25 01:00,2.767303404025321
2025-02-25 02:00,5.0802439100863905
2025-02-25 03:00,4.826622986866405
2025-02-25 04:00,8.468404694373497
2025-02-25 05:00,5.290074607467535
2025-02-25 06:00,8.26562451766567
2025-02-25 07:00,11.052303917697058
2025-02-25 08:00,6.8574867181268795
2025-02-25 09:00,2.434821986880796
2025-02-25 10:00,5.001515002333175
2025-02-25 11:00,0.7889508605930052
2025-02-25 12:00,0.8205946197162127
2025-02-25 13:00,0.0
2025-02-25 14:00,0.0
2025-02-25 15:00,1.7772159164370047
2025-02-25 16:00,7.452795916179423
2025-02-25 17:00,8.03096781018215
2025-02-25 18:00,14.906069798592974
2025-02-25 19:00,13.88965820142923
2025-02-25 20:00,13.199042746071036
2025-02-25 21:00,17.798812237814563
2025-02-25 22:00,22.348906039779237
2025-02-25 23:00,24.41961503324212
2025-02-26 00:00,13.89381993918973
2025-02-26 01:00,14.13146943586749
2025-02-26 02:00,20.98825940402073
2025-02-26 03:00,14.068581113289584
2025-02-26 04:00,14.474662759172533
2025-02-26 05:00,21.712912105332023
2025-02-26 06:00,21.617388110060848
2025-02-26 07:00,26.489998211644245
2025-02-26 08:00,22.75142703543281
2025-02-26 09:00,21.140153321807546
2025-02-26 10:00,13.506649080043449
2025-02-26 11:00,19.791905008968076
2025-02-26 12:00,15.61484124384212
2025-02-26 13:00,12.037254039842395
2025-02-26 14:00,10.741552566972691
2025-02-26 15:00,9.155174674692937
2025-02-26 16:00,4.694765459995299
2025-02-26 17:00,0.050668805765509035
2025-02-26 18:00,1.0167878518695057
2025-02-26 19:00,3.085929609443549
2025-02-26 20:00,3.7407508538934025
2025-02-26 21:00,3.1195300631196172
2025-02-26 22:00,4.995056488575596
2025-02-26 23:00,8.202123545826081
2025-02-27 00:00,0.03861070361067829
2025-02-27 01:00,0.0
2025-02-27 02:00,3.775243665286345
2025-02-27 03:00,1.0943014142127434
2025-02-27 04:00,0.0
2025-02-27 05:00,0.18351199102854873
2025-02-27 06:00,1.433720833276417
2025-02-27 07:00,0.5933224379948909
2025-02-27 08:00,4.651499323852977
2025-02-27 09:00,5.554089261823197
2025-02-27 10:00,8.9010395310691
2025-02-27 11:00,3.4814211440969975
2025-02-27 12:00,6.220335852610628
2025-02-27 13:00,6.313046461963985
2025-02-27 14:00,6.833255063648439
2025-02-27 15:00,6.050391556804062
2025-02-27 16:00,5.400644634980708
2025-02-27 17:00,0.9708346108553461
2025-02-27 18:00,0.8785258647374092
2025-02-27 19:00,0.5634111451430038
2025-02-27 20:00,2.7819116054678164
2025-02-27 21:00,2.830580107402278
2025-02-27 22:00,1.3826932611093947
2025-02-27 23:00,3.189867614964172
2025-02-28 00:00,3.9902122086113816
2025-02-28 01:00,2.9460040091922783
2025-02-28 02:00,2.9670335203256406
2025-02-28 03:00,4.405055088155967
2025-02-28 04:00,4.5357111524611735
2025-02-28 05:00,4.130555971425758
2025-02-28 06:00,3.8443572157207218
2025-02-28 07:00,2.6503095117479654
2025-02-28 08:00,2.277667294293971
2025-02-28 09:00,2.4249871660387488
2025-02-28 10:00,1.8580328580542607
2025-02-28 11:00,1.7049576670634998
2025-02-28 12:00,1.8754213174199665
2025-02-28 13:00,5.762762068976572
2025-02-28 14:00,6.640839580327614
2025-02-28 15:00,3.0299540260312976
2025-02-28 16:00,1.7934506536098545
2025-02-28 17:00,1.6459029342918956
2025-02-28 18:00,0.4764288683206788
2025-02-28 19:00,0.6508254412478693
2025-02-28 20:00,1.1342163939663625
2025-02-28 21:00,3.1637834760173797
2025-02-28 22:00,1.7861106494630294
2025-02-28 23:00,7.034935917715726
2025-03-01 00:00,5.574406458859227
2025-03-01 01:00,5.046717995911417
2025-03-01 02:00,7.614389751768897
2025-03-01 03:00,7.745371878537831
2025-03-01 04:00,6.684875850376653
2025-03-01 05:00,3.520900300874142
2025-03-01 06:00,3.531565410762321
2025-03-01 07:00,1.186340635314294
2025-03-01 08:00,0.641501931888996
2025-03-01 09:00,1.6947202021712926
2025-03-01 10:00,1.531121674672635
2025-03-01 11:00,2.5557190335799413
2025-03-01 12:00,1.9981500219728927
2025-03-01 13:00,3.1295492610444624
2025-03-01 14:00,3.260592967259893
2025-03-01 15:00,2.978293011572754
2025-03-01 16:00,2.565688600685194
2025-03-01 17:00,1.8664362277101973
2025-03-01 18:00,4.805716420180239
2025-03-01 19:00,5.200827018700235
2025-03-01 20:00,4.811197887382558
2025-03-01 21:00,7.232832978430704
2025-03-01 22:00,11.26275820114523
2025-03-01 23:00,11.80366408124107
2025-03-02 00:00,4.282675164466094
2025-03-02 01:00,4.164799543615469
2025-03-02 02:00,12.62814144552379
2025-03-02 03:00,6.857906152078094
2025-03-02 04:00,4.433401662593334
2025-03-02 05:00,4.486824709298149
2025-03-02 06:00,13.423104429983244
2025-03-02 07:00,14.600315271205929
2025-03-02 08:00,21.51525861507213
2025-03-02 09:00,9.17481257750498
2025-03-02 10:00,2.4067429312023307
2025-03-02 11:00,2.276095357577662
2025-03-02 12:00,3.8542008810161685
2025-03-02 13:00,6.16062113974869
2025-03-02 14:00,6.205815094665369
2025-03-02 15:00,10.276103315366264
2025-03-02 16:00,5.430759224904697
2025-03-02 17:00,6.179056021238614
2025-03-02 18:00,15.557840117362309
2025-03-02 19:00,22.4941768022793
2025-03-02 20:00,27.786022540512956
2025-03-02 21:00,25.722763832563242
2025-03-02 22:00,31.583840555213953
2025-03-02 23:00,31.61225422618807
2025-03-03 00:00,26.477340502368975
2025-03-03 01:00,36.069923673151536
2025-03-03 02:00,37.28098879042955
2025-03-03 03:00,40.46197751485113
2025-03-03 04:00,37.53729342726383
2025-03-03 05:00,35.01875025169525
2025-03-03 06:00,29.482961513446565
2025-03-03 07:00,28.752220507816418
2025-03-03 08:00,30.020057966848853
2025-03-03 09:00,36.46186644046613
2025-03-03 10:00,28.64231666758488
2025-03-03 11:00,27.032207300886547
2025-03-03 12:00,25.772594810167362
2025-03-03 13:00,31.006370998174763
2025-03-03 14:00,22.17653747493945
2025-03-03 15:00,21.523989714070094
2025-03-03 16:00,20.841820537269825
2025-03-03 17:00,16.852809638377217
2025-03-03 18:00,20.005872141893523
2025-03-03 19:00,19.28057707221373
2025-03-03 20:00,23.301063107311684
2025-03-03 21:00,18.9399095223456
2025-03-03 22:00,12.751990883972594
2025-03-03 23:00,16.56604597598893
2025-03-04 00:00,17.632157015396583
2025-03-04 01:00,13.163746452561714
2025-03-04 02:00,15.248787302804605
2025-03-04 03:00,20.411557543297402
2025-03-04 04:00,26.48244069196611
2025-03-04 05:00,22.179813802744835
2025-03-04 06:00,24.272947492839574
2025-03-04 07:00,22.10628108783265
2025-03-04 08:00,21.40717636192092
2025-03-04 09:00,19.036105147748348
2025-03-04 10:00,22.593553411549806
2025-03-04 11:00,21.846073881480336
2025-03-04 12:00,25.624002974095614
2025-03-04 13:00,24.819910060940046
2025-03-04 14:00,27.243499058865222
2025-03-04 15:00,26.44078595306927
2025-03-04 16:00,24.176001868824237
2025-03-04 17:00,24.71346635811581
2025-03-04 18:00,24.1763096781174
2025-03-04 19:00,25.711890600696364
2025-03-04 20:00,19.758198282706505
2025-03-04 21:00,23.67382367010905
2025-03-04 22:00,22.436874193628768
2025-03-04 23:00,21.648986574470275
2025-03-05 00:00,18.160911407583193
2025-03-05 01:00,16.71606551646571
2025-03-05 02:00,20.478688863202528
2025-03-05 03:00,19.898146231976124
2025-03-05 04:00,23.75023196883614
2025-03-05 05:00,17.054194352191253
2025-03-05 06:00,15.498800970901495
2025-03-05 07:00,18.142324241303236
2025-03-05 08:00,15.605436036568895
2025-03-05 09:00,13.854431048003049
2025-03-05 10:00,12.301033241892435
2025-03-05 11:00,12.18898727650136
2025-03-05 12:00,5.374046149570349
2025-03-05 13:00,7.555810623926492
2025-03-05 14:00,11.95449662373815
2025-03-05 15:00,12.428822685718512
2025-03-05 16:00,12.567513406825304
2025-03-05 17:00,6.410411235717714
2025-03-05 18:00,7.874065400557577
2025-03-05 19:00,21.658505108168686
2025-03-05 20:00,15.496854953632791
2025-03-05 21:00,18.657775408294498
2025-03-05 22:00,21.14191410448911
2025-03-05 23:00,19.578096895478975
2025-03-06 00:00,24.196606638413833
2025-03-06 01:00,20.83845701554007
2025-03-06 02:00,20.65946067885485
2025-03-06 03:00,22.83025215732068
2025-03-06 04:00,21.88915794433014
2025-03-06 05:00,19.750667128820023
2025-03-06 06:00,20.13049754893404
2025-03-06 07:00,18.407139318368127
2025-03-06 08:00,11.762952955558752
2025-03-06 09:00,14.688167536855895
2025-03-06 10:00,11.400458915207704
2025-03-06 11:00,21.5477599308603
2025-03-06 12:00,17.05262302644857
2025-03-06 13:00,17.965855521233767
2025-03-06 14:00,15.705868805538328
2025-03-06 15:00,21.403157243514702
2025-03-06 16:00,25.717370317236682
2025-03-06 17:00,25.325484983886238
2025-03-06 18:00,26.617019829867896
2025-03-06 19:00,21.940513572784358
2025-03-06 20:00,14.541279932670246
2025-03-06 21:00,9.78152495046465
2025-03-06 22:00,12.75467179799584
2025-03-06 23:00,13.128450639385843
2025-03-07 00:00,14.09863248794958
2025-03-07 01:00,10.87487312242992
2025-03-07 02:00,10.823931130712797
2025-03-07 03:00,6.543559734379706
2025-03-07 04:00,4.84228948997063
2025-03-07 05:00,7.474128590017592
2025-03-07 06:00,5.867399969367731
2025-03-07 07:00,3.076810583329493
2025-03-07 08:00,1.8184778437705251
2025-03-07 09:00,2.5867281910128304
2025-03-07 10:00,0.015053506373664254
2025-03-07 11:00,1.5183726079302138
2025-03-07 12:00,0.0
2025-03-07 13:00,1.5429269669224517
2025-03-07 14:00,0.4556844683646846
2025-03-07 15:00,1.6118909596945639
2025-03-07 16:00,4.551912994821887
2025-03-07 17:00,7.18328590726125
2025-03-07 18:00,8.713673753005773
2025-03-07 19:00,6.877321817877101
2025-03-07 20:00,5.943951639560264
2025-03-07 21:00,4.126057656648648
2025-03-07 22:00,1.7000483930811983
2025-03-07 23:00,2.809536293714409
2025-03-08 00:00,1.0085507954456594
2025-03-08 01:00,2.2489285073553194
2025-03-08 02:00,1.6000086272619447
2025-03-08 03:00,2.590320333030085
2025-03-08 04:00,0.1393238424673011
2025-03-08 05:00,7.116159905373115
2025-03-08 06:00,6.724943012457788
2025-03-08 07:00,5.011220794418605
2025-03-08 08:00,7.058035023532291
2025-03-08 09:00,5.390780707901987
2025-03-08 10:00,3.4169792006682793
2025-03-08 11:00,0.47356198715640635
2025-03-08 12:00,0.17304352608068943
2025-03-08 13:00,0.7040652920404333
2025-03-08 14:00,1.1636896473052594
2025-03-08 15:00,0.0
2025-03-08 16:00,1.6679595250305874
2025-03-08 17:00,2.641772656151443
2025-03-08 18:00,0.3208758638713923
2025-03-08 19:00,0.10666894214184605
2025-03-08 20:00,0.3770315055215711
2025-03-08 21:00,3.0356391750814957
2025-03-08 22:00,4.907521592287032
2025-03-08 23:00,3.473581528340264
2025-03-09 00:00,4.136971217957737
2025-03-09 01:00,3.931131793260983
2025-03-09 02:00,3.614891090961376
2025-03-09 03:00,2.463917111054711
2025-03-09 04:00,1.4292144938938725
2025-03-09 05:00,2.084302430198604
2025-03-09 06:00,2.545517555321296
2025-03-09 07:00,2.0913296144795064
2025-03-09 08:00,0.8406819281146843
2025-03-09 09:00,0.83924186824095
2025-03-09 10:00,0.043149993125361344
2025-03-09 11:00,1.2379845991825755
2025-03-09 12:00,0.3053916792179024
2025-03-09 13:00,0.0
2025-03-09 14:00,0.0
2025-03-09 15:00,0.932137853972814
2025-03-09 16:00,2.4587259413791838
2025-03-09 17:00,2.79176636656652
2025-03-09 18:00,2.7762014498761007
2025-03-09 19:00,7.78687978450551
2025-03-09 20:00,8.440237130963187
2025-03-09 21:00,6.934879218747915
2025-03-09 22:00,6.865012738849874
2025-03-09 23:00,8.280450740500472
2025-03-10 00:00,3.6717002944496904
2025-03-10 01:00,5.28174288941192
2025-03-10 02:00,1.9680750746435811
2025-03-10 03:00,4.368195052683211
2025-03-10 04:00,4.79469364982765
2025-03-10 05:00,1.9196615320610648
2025-03-10 06:00,3.7528992410816255
2025-03-10 07:00,5.003065014676123
2025-03-10 08:00,2.022121762778359
2025-03-10 09:00,1.8480251215790497
2025-03-10 10:00,1.3577988264303218
2025-03-10 11:00,9.503824494849372
2025-03-10 12:00,10.5760219503866
2025-03-10 13:00,6.999952480504696
2025-03-10 14:00,1.612942008898584
2025-03-10 15:00,1.2974816574219075
2025-03-10 16:00,0.37059994505699606
2025-03-10 17:00,0.43102804458035276
2025-03-10 18:00,1.41925407610429
2025-03-10 19:00,0.0
2025-03-10 20:00,3.9820960515004478
2025-03-10 21:00,0.9444861788984731
2025-03-10 22:00,1.5004685316409188
2025-03-10 23:00,2.3787833243010064
2025-03-11 00:00,2.401113396131882
2025-03-11 01:00,1.648028509943177
2025-03-11 02:00,3.179903827710445
2025-03-11 03:00,1.1574307519226712
2025-03-11 04:00,1.4433614982477445
2025-03-11 05:00,3.704552672145693
2025-03-11 06:00,10.735579197956245
2025-03-11 07:00,9.018499429770586
2025-03-11 08:00,4.741470914095106
2025-03-11 09:00,3.2197609909185663
2025-03-11 10:00,2.4268299516171066
2025-03-11 11:00,3.409995932493692
2025-03-11 12:00,1.6255983010054853
2025-03-11 13:00,0.0
2025-03-11 14:00,0.0
2025-03-11 15:00,0.044030588956289196
2025-03-11 16:00,0.8553376339485258
2025-03-11 17:00,0.9649915666165286
2025-03-11 18:00,2.004429303130497
2025-03-11 19:00,3.9609272101721715
2025-03-11 20:00,8.305496587224017
2025-03-11 21:00,8.85199660535763
2025-03-11 22:00,6.954349844963687
2025-03-11 23:00,4.573099055789514
2025-03-12 00:00,3.602310738560508
2025-03-12 01:00,5.691824118845384
2025-03-12 02:00,14.13113813143788
2025-03-12 03:00,4.878112004184163
2025-03-12 04:00,10.579744338676177
2025-03-12 05:00,8.05055475324385
2025-03-12 06:00,7.834520228307622
2025-03-12 07:00,1.7928013410878727
2025-03-12 08:00,3.6858485461364836
2025-03-12 09:00,1.460956438807685
2025-03-12 10:00,3.3267607734068236
2025-03-12 11:00,3.0352233046681834
2025-03-12 12:00,3.9390493956604513
2025-03-12 13:00,5.164392550394338
2025-03-12 14:00,4.826673010242706
2025-03-12 15:00,4.975811450115936
2025-03-12 16:00,3.562099635516305
2025-03-12 17:00,7.51760237965872
2025-03-12 18:00,4.261955788907109
2025-03-12 19:00,9.07117947979106
2025-03-12 20:00,6.609592604089405
2025-03-12 21:00,5.63343891191883
2025-03-12 22:00,7.031413460870522
2025-03-12 23:00,11.823567644851025
2025-03-13 00:00,12.774735631421763
2025-03-13 01:00,11.741173162770416
2025-03-13 02:00,13.42623154407066
2025-03-13 03:00,14.494534301944881
2025-03-13 04:00,12.616841337033195
2025-03-13 05:00,10.458171956937731
2025-03-13 06:00,13.983133271585597
2025-03-13 07:00,12.847455304477409
2025-03-13 08:00,9.07044925568695
2025-03-13 09:00,5.902119805351807
2025-03-13 10:00,13.257662334828725
2025-03-13 11:00,19.06764633954233
2025-03-13 12:00,14.196037641017025
2025-03-13 13:00,21.054845502969364
2025-03-13 14:00,35.25589452974991
2025-03-13 15:00,32.243258773657345
2025-03-13 16:00,33.18457793228487
2025-03-13 17:00,26.024494265453168
2025-03-13 18:00,27.368204434726685
2025-03-13 19:00,16.04130215567257
2025-03-13 20:00,10.656962765812652
2025-03-13 21:00,13.105113770951014
2025-03-13 22:00,15.060858759828665
2025-03-13 23:00,8.70817178091231
2025-03-14 00:00,15.153464011990547
2025-03-14 01:00,12.155859067932505
2025-03-14 02:00,11.595957744679271
2025-03-14 03:00,16.17962369779794
2025-03-14 04:00,11.716460092924223
2025-03-14 05:00,10.513420054270004
2025-03-14 06:00,13.991287129553088
2025-03-14 07:00,16.906863892998874
2025-03-14 08:00,7.47010162454024
2025-03-14 09:00,10.084779231787742
2025-03-14 10:00,10.937110126754698
2025-03-14 11:00,9.158057250692123
2025-03-14 12:00,3.258708325938618
2025-03-14 13:00,2.1429992839242176
2025-03-14 14:00,3.0688051986083353
2025-03-14 15:00,6.533368626092391
2025-03-14 16:00,5.777980313059818
2025-03-14 17:00,16.168487457563486
2025-03-14 18:00,6.098323069521058
2025-03-14 19:00,8.870557458571694
2025-03-14 20:00,13.164549179687912
2025-03-14 21:00,1.4417048126241916
2025-03-14 22:00,3.4336750109037344
2025-03-14 23:00,3.0022133078264606
2025-03-15 00:00,3.4056041901708376
2025-03-15 01:00,6.0836660974643175
2025-03-15 02:00,13.544671925564609
2025-03-15 03:00,5.757807830880054
2025-03-15 04:00,5.9559027875503014
2025-03-15 05:00,7.739353713712709
2025-03-15 06:00,5.6529733587438455
2025-03-15 07:00,3.7210656975511034
2025-03-15 08:00,5.351603483415603
2025-03-15 09:00,12.96373836863478
2025-03-15 10:00,7.208636182436163
2025-03-15 11:00,2.888099761385913
2025-03-15 12:00,1.7479022859850868
2025-03-15 13:00,3.2377606719337733
2025-03-15 14:00,0.06658679178652245
2025-03-15 15:00,1.050401790679257
2025-03-15 16:00,2.0739415384181363
2025-03-15 17:00,2.300393609014983
2025-03-15 18:00,1.5658245597278182
2025-03-15 19:00,4.5942567288577285
2025-03-15 20:00,4.6527836939417755
2025-03-15 21:00,1.9223161602290812
2025-03-15 22:00,3.3515536112828554
2025-03-15 23:00,6.215842701938827
2025-03-16 00:00,8.598919042119325
2025-03-16 01:00,8.973865830916859
2025-03-16 02:00,9.429485806651495
2025-03-16 03:00,11.917340348299835
2025-03-16 04:00,12.612376092039785
2025-03-16 05:00,9.539815633894994
2025-03-16 06:00,8.867478680968384
2025-03-16 07:00,5.514496166921873
2025-03-16 08:00,6.636858760951116
2025-03-16 09:00,8.858329897983603
2025-03-16 10:00,14.331845302006423
2025-03-16 11:00,20.37228554257292
2025-03-16 12:00,30.22529652960147
2025-03-16 13:00,29.638321180558847
2025-03-16 14:00,46.69919018656303
2025-03-16 15:00,52.64591417647136
2025-03-16 16:00,54.18373503061215
2025-03-16 17:00,54.77297203414773
2025-03-16 18:00,55.6370695168022
2025-03-16 19:00,57.05100305607707
2025-03-16 20:00,54.98900030028133
2025-03-16 21:00,54.551137073885506
2025-03-16 22:00,49.675257608035906
2025-03-16 23:00,50.077016884710154
2025-03-17 00:00,51.14401404337383
2025-03-17 01:00,48.72284652213285
2025-03-17 02:00,49.26083546384522
2025-03-17 03:00,49.32740218598633
2025-03-17 04:00,49.67808527307873
2025-03-17 05:00,47.64496178306143
2025-03-17 06:00,41.6008355089267
2025-03-17 07:00,41.3706410342512
2025-03-17 08:00,37.32108492858404
2025-03-17 09:00,40.870955297351166
2025-03-17 10:00,31.081259237852674
2025-03-17 11:00,23.814735054006373
2025-03-17 12:00,17.583265932769486
2025-03-17 13:00,16.31267584053164
2025-03-17 14:00,14.085204328282858
2025-03-17 15:00,12.411058361903205
2025-03-17 16:00,11.776329914526908
2025-03-17 17:00,8.356596548256853
2025-03-17 18:00,3.0886700306199377
2025-03-17 19:00,3.6711822293459466
2025-03-17 20:00,4.565743347228968
2025-03-17 21:00,10.57603223966219
2025-03-17 22:00,13.736881459436571
2025-03-17 23:00,17.99880503346982
2025-03-18 00:00,21.499141722283735
2025-03-18 01:00,26.065642977488196
2025-03-18 02:00,34.61564091039649
2025-03-18 03:00,32.85785476876994
2025-03-18 04:00,36.876344123756034
2025-03-18 05:00,28.070460568454028
2025-03-18 06:00,37.50775617467715
2025-03-18 07:00,38.636445415348284
2025-03-18 08:00,51.63459092373489
2025-03-18 09:00,49.375919648578304
2025-03-18 10:00,52.65876264277673
2025-03-18 11:00,56.958705387090575
2025-03-18 12:00,58.90588626340757
2025-03-18 13:00,60.05278922097493
2025-03-18 14:00,59.9126683577166
2025-03-18 15:00,58.84008509768462
2025-03-18 16:00,56.48893987760271
2025-03-18 17:00,54.3979382884313
2025-03-18 18:00,53.008231350007854
2025-03-18 19:00,48.142004748770475
2025-03-18 20:00,42.18758924032296
2025-03-18 21:00,41.63149533483613
2025-03-18 22:00,33.653551350582525
2025-03-18 23:00,33.06519412200032
2025-03-19 00:00,26.329080256021108
2025-03-19 01:00,28.28937991470909
2025-03-19 02:00,18.52359710541252
2025-03-19 03:00,27.463428792418814
2025-03-19 04:00,14.744670768004758
2025-03-19 05:00,11.521079896734147
2025-03-19 06:00,9.8758276369229
2025-03-19 07:00,10.169783299908097
2025-03-19 08:00,12.87684930113962
2025-03-19 09:00,15.848313517046877
2025-03-19 10:00,17.546291834994623
2025-03-19 11:00,15.926861583049346
2025-03-19 12:00,15.11580187336479
2025-03-19 13:00,13.100969905002975
2025-03-19 14:00,12.81335254978744
2025-03-19 15:00,10.361500388256383
2025-03-19 16:00,8.023284658842115
2025-03-19 17:00,5.115213081768525
2025-03-19 18:00,1.1122497614220856
2025-03-19 19:00,1.5260035492752002
2025-03-19 20:00,3.784007437528735
2025-03-19 21:00,3.971090063212092
2025-03-19 22:00,10.716839002912332
2025-03-19 23:00,15.001036462750687
2025-03-20 00:00,15.244413025480462
2025-03-20 01:00,13.241259175113983
2025-03-20 02:00,14.873609058072095
2025-03-20 03:00,18.624646739583238
2025-03-20 04:00,17.35897211831372
2025-03-20 05:00,17.210914797276782
2025-03-20 06:00,21.215409754767013
2025-03-20 07:00,24.78482667793364
2025-03-20 08:00,26.18648726199495
2025-03-20 09:00,29.298266764355446
2025-03-20 10:00,35.277011637440765
2025-03-20 11:00,18.733960377514496
2025-03-20 12:00,11.817817566591346
2025-03-20 13:00,9.899913044180586
2025-03-20 14:00,10.506855717318881
2025-03-20 15:00,13.60337871228877
2025-03-20 16:00,15.132938281810516
2025-03-20 17:00,16.16524651497326
2025-03-20 18:00,25.328395743565935
2025-03-20 19:00,23.26206423322459
2025-03-20 20:00,23.426179857620063
2025-03-20 21:00,21.08418023243782
2025-03-20 22:00,21.850771767930233
2025-03-20 23:00,32.51612027628758
2025-03-21 00:00,29.769493576801857
2025-03-21 01:00,27.768779091583866
2025-03-21 02:00,25.456889874973367
2025-03-21 03:00,21.83903191462232
2025-03-21 04:00,20.881113265529134
2025-03-21 05:00,28.168860767129583
2025-03-21 06:00,27.779644462555385
2025-03-21 07:00,30.562102952940503
2025-03-21 08:00,28.870030110672907
2025-03-21 09:00,32.24411281838337
2025-03-21 10:00,35.42981399007285
2025-03-21 11:00,19.847806136242205
2025-03-21 12:00,16.249718016345987
2025-03-21 13:00,8.153406788580469
2025-03-21 14:00,1.8723428187466402
2025-03-21 15:00,2.450782732782911
2025-03-21 16:00,2.936970780520053
2025-03-21 17:00,3.3996742467865424
2025-03-21 18:00,6.498334178348581
2025-03-21 19:00,4.983830361893211
2025-03-21 20:00,7.9190940640564165
2025-03-21 21:00,10.94088925095632
2025-03-21 22:00,11.487054426464226
2025-03-21 23:00,16.846941460505192
2025-03-22 00:00,24.42927321079492
2025-03-22 01:00,21.47074144218682
2025-03-22 02:00,20.383849287385516
2025-03-22 03:00,22.08833984539808
2025-03-22 04:00,25.43654641321426
2025-03-22 05:00,27.174612503918837
2025-03-22 06:00,28.73677811067233
2025-03-22 07:00,32.12354855514428
2025-03-22 08:00,21.334061874909114
2025-03-22 09:00,28.141341460094804
2025-03-22 10:00,22.543733514053066
2025-03-22 11:00,16.06894418438361
2025-03-22 12:00,18.198445733672685
2025-03-22 13:00,10.765257468458861
2025-03-22 14:00,7.2756767484496505
2025-03-22 15:00,10.336050990566978
2025-03-22 16:00,11.18456004411441
2025-03-22 17:00,12.030892118116247
2025-03-22 18:00,11.329493369826132
2025-03-22 19:00,12.127367536045469
2025-03-22 20:00,16.053830569055066
2025-03-22 21:00,18.250460509425015
2025-03-22 22:00,15.348602602318346
2025-03-22 23:00,15.986897940108001
2025-03-23 00:00,21.93308526461422
2025-03-23 01:00,25.30276943672773
2025-03-23 02:00,24.41642246033562
2025-03-23 03:00,25.804819226132512
2025-03-23 04:00,26.944738480575705
2025-03-23 05:00,25.442051100717617
2025-03-23 06:00,23.846988476467057
2025-03-23 07:00,20.811836723591984
2025-03-23 08:00,27.61832135812304
2025-03-23 09:00,22.71694015326323
2025-03-23 10:00,24.548335230479285
2025-03-23 11:00,24.97881674150687
2025-03-23 12:00,22.449226050008683
2025-03-23 13:00,22.9976480382714
2025-03-23 14:00,21.208810414994336
2025-03-23 15:00,23.897382370425902
2025-03-23 16:00,21.88557589044233
2025-03-23 17:00,19.44650322737595
2025-03-23 18:00,19.88854691982966
2025-03-23 19:00,15.081940964096823
2025-03-23 20:00,7.30285860343357
2025-03-23 21:00,2.8865771538659746
2025-03-23 22:00,4.04014222156947
2025-03-23 23:00,17.079480882009488
2025-03-24 00:00,7.7413849696918335
2025-03-24 01:00,6.239967179260961
2025-03-24 02:00,28.62332857605756
2025-03-24 03:00,33.57464164383519
2025-03-24 04:00,37.17930230906228
2025-03-24 05:00,33.44358804212695
2025-03-24 06:00,46.95086191052667
2025-03-24 07:00,42.09978142119262
2025-03-24 08:00,41.2731052735206
2025-03-24 09:00,41.238164930556906
2025-03-24 10:00,42.89245790390554
2025-03-24 11:00,42.92868141286916
2025-03-24 12:00,43.05977766449695
2025-03-24 13:00,43.62740786819242
2025-03-24 14:00,42.37754118747746
2025-03-24 15:00,42.14652432491467
2025-03-24 16:00,42.74613807493287
2025-03-24 17:00,42.50630238945313
2025-03-24 18:00,39.96725602866693
2025-03-24 19:00,38.88157463545062
2025-03-24 20:00,33.897228195913826
2025-03-24 21:00,33.5547325207193
2025-03-24 22:00,29.414358728718803
2025-03-24 23:00,26.82225921238996
2025-03-25 00:00,24.953750346016214
2025-03-25 01:00,19.38268702336223
2025-03-25 02:00,19.423761804385702
2025-03-25 03:00,19.0461499464536
2025-03-25 04:00,16.157406193652797
2025-03-25 05:00,5.22946589883208
2025-03-25 06:00,19.903613749426132
2025-03-25 07:00,15.737938582252019
2025-03-25 08:00,11.659360691877493
2025-03-25 09:00,4.079673861705295
2025-03-25 10:00,22.09060971525375
2025-03-25 11:00,39.15879631113112
2025-03-25 12:00,43.03569109633668
2025-03-25 13:00,47.75146367218005
2025-03-25 14:00,49.1991972422945
2025-03-25 15:00,41.058794475105096
2025-03-25 16:00,38.59248465440795
2025-03-25 17:00,31.054560245441202
2025-03-25 18:00,12.875755193554857
2025-03-25 19:00,10.327997777195407
2025-03-25 20:00,8.515633622248483
2025-03-25 21:00,8.276882056262691
2025-03-25 22:00,10.477990110208966
2025-03-25 23:00,10.277279479890952
2025-03-26 00:00,11.64073520318334
2025-03-26 01:00,8.010641024978737
2025-03-26 02:00,13.389924445410683
2025-03-26 03:00,13.328331773611433
2025-03-26 04:00,6.657916765764788
2025-03-26 05:00,5.210433897799518
2025-03-26 06:00,5.941291572881682
2025-03-26 07:00,5.540162417682778
2025-03-26 08:00,2.5650540330866987
2025-03-26 09:00,5.3132670250309415
2025-03-26 10:00,2.8649291217464157
2025-03-26 11:00,1.7919831232598602
2025-03-26 12:00,2.6522262936132663
2025-03-26 13:00,17.29585078123374
2025-03-26 14:00,13.834180234612516
2025-03-26 15:00,13.302556385912174
2025-03-26 16:00,8.565480525783029
2025-03-26 17:00,9.426116154783465
2025-03-26 18:00,10.24869008353328
2025-03-26 19:00,15.982053958413442
2025-03-26 20:00,22.836837621829204
2025-03-26 21:00,28.33312555926873
2025-03-26 22:00,37.65541748436874
2025-03-26 23:00,46.277960753993106
2025-03-27 00:00,51.05950638314696
2025-03-27 01:00,53.550091242756274
2025-03-27 02:00,55.96551648898858
2025-03-27 03:00,53.75392907825318
2025-03-27 04:00,54.872349947138204
2025-03-27 05:00,47.40966143606718
2025-03-27 06:00,37.280501332870195
2025-03-27 07:00,37.62885914581542
2025-03-27 08:00,39.890868185862416
2025-03-27 09:00,39.3870807393615
2025-03-27 10:00,35.09885203359643
2025-03-27 11:00,31.075502040128615
2025-03-27 12:00,22.093005423917607
2025-03-27 13:00,9.374493302715106
2025-03-27 14:00,18.703167655776333
2025-03-27 15:00,19.158281798289238
2025-03-27 16:00,16.61973749263466
2025-03-27 17:00,34.936988789910394
2025-03-27 18:00,47.472191330776376
2025-03-27 19:00,33.817633111638536
2025-03-27 20:00,25.923268937019742
2025-03-27 21:00,27.9025848439679
2025-03-27 22:00,31.20201967411451
2025-03-27 23:00,42.164461114981066
2025-03-28 00:00,40.99208924735369
2025-03-28 01:00,42.79506581927706
2025-03-28 02:00,29.542544823401148
2025-03-28 03:00,27.694922496727283
2025-03-28 04:00,38.07301568525288
2025-03-28 05:00,40.827990439229694
2025-03-28 06:00,38.70758465374356
2025-03-28 07:00,34.288843101066604
2025-03-28 08:00,48.75823087254766
2025-03-28 09:00,49.273817741507365
2025-03-28 10:00,48.99793680343886
2025-03-28 11:00,47.46632569132244
2025-03-28 12:00,46.768674649387044
2025-03-28 13:00,46.391693746706075
2025-03-28 14:00,46.741886179850916
2025-03-28 15:00,44.88147259175666
2025-03-28 16:00,44.898719749278584
2025-03-28 17:00,45.640078787554955
2025-03-28 18:00,49.43047074250631
2025-03-28 19:00,50.07664418467656
2025-03-28 20:00,45.02651489128575
2025-03-28 21:00,42.75620702748573
2025-03-28 22:00,34.91265896996718
2025-03-28 23:00,24.18203633664268
2025-03-29 00:00,8.266539444214954
2025-03-29 01:00,6.804455413751809
2025-03-29 02:00,13.088352508287803
2025-03-29 03:00,13.946077065745278
2025-03-29 04:00,14.857106863586779
2025-03-29 05:00,19.78050418961686
2025-03-29 06:00,15.096068471382159
2025-03-29 07:00,12.219276362608767
2025-03-29 08:00,9.658887299751674
2025-03-29 09:00,6.403884868412153
2025-03-29 10:00,4.204714515394461
2025-03-29 11:00,4.817821590991565
2025-03-29 12:00,7.919642481771859
2025-03-29 13:00,10.10072159021507
2025-03-29 14:00,41.41975606935246
2025-03-29 15:00,37.474799848214055
2025-03-29 16:00,44.765948066779394
2025-03-29 17:00,46.24447169212892
2025-03-29 18:00,44.472912176242886
2025-03-29 19:00,43.38215960339654
2025-03-29 20:00,43.33515736712085
2025-03-29 21:00,25.815468612318345
2025-03-29 22:00,22.345600341497082
2025-03-29 23:00,13.079185584717171
2025-03-30 00:00,12.451396743819993
2025-03-30 01:00,10.085552021820426
2025-03-30 02:00,8.729022596396828
2025-03-30 03:00,7.267084891568684
2025-03-30 04:00,4.906523618812609
2025-03-30 05:00,6.014105737810756
2025-03-30 06:00,12.013198869104006
2025-03-30 07:00,10.34421536701858
2025-03-30 08:00,20.682999840847845
2025-03-30 09:00,17.47415285633341
2025-03-30 10:00,17.12964814409189
2025-03-30 11:00,15.408545484397534
2025-03-30 12:00,8.644718278790506
2025-03-30 13:00,6.580945440398134
2025-03-30 14:00,7.066179574888371
2025-03-30 15:00,5.16207058553121
2025-03-30 16:00,4.737361091566542
2025-03-30 17:00,7.077693159765571
2025-03-30 18:00,5.586563827585095
2025-03-30 19:00,7.197939248728344
2025-03-30 20:00,7.414768897232275
2025-03-30 21:00,6.904725471061432
2025-03-30 22:00,11.617885367023135
2025-03-30 23:00,14.235116999802269
2025-03-31 00:00,9.106766590951752
2025-03-31 01:00,6.288805513134775
2025-03-31 02:00,10.81496555886202
2025-03-31 03:00,9.356392700273132
2025-03-31 04:00,13.403911108004266
2025-03-31 05:00,20.663677430972598
2025-03-31 06:00,11.111677564812506
2025-03-31 07:00,9.434882372584182
2025-03-31 08:00,3.8000336298329245
2025-03-31 09:00,5.183193117065492
2025-03-31 10:00,0.9617281962942903
2025-03-31 11:00,0.0
2025-03-31 12:00,0.0
2025-03-31 13:00,0.0
2025-03-31 14:00,0.31779530459048727
2025-03-31 15:00,0.0
2025-03-31 16:00,0.0
2025-03-31 17:00,0.0
2025-03-31 18:00,0.0
2025-03-31 19:00,0.0587216905769088
2025-03-31 20:00,1.6654830410551216
2025-03-31 21:00,1.0240434919116208
2025-03-31 22:00,2.7312124995083553
2025-03-31 23:00,6.919012978257108
2025-04-01 00:00,4.426428653747404
2025-04-01 01:00,3.7191802016550564
2025-04-01 02:00,3.215330541963596
2025-04-01 03:00,1.5274521601795554
2025-04-01 04:00,1.0995940803687805
2025-04-01 05:00,1.4685440578342406
2025-04-01 06:00,2.2392328432038244
2025-04-01 07:00,3.061923631688699
2025-04-01 08:00,1.4899586370634834
2025-04-01 09:00,2.709223495418209
2025-04-01 10:00,2.548543431315906
2025-04-01 11:00,0.8992288942454516
2025-04-01 12:00,0.9148378526402724
2025-04-01 13:00,1.3838900098749563
2025-04-01 14:00,3.0876215576219463
2025-04-01 15:00,3.9759835826050103
2025-04-01 16:00,2.8364813653615326
2025-04-01 17:00,2.88126505778009
2025-04-01 18:00,7.283082101228762
2025-04-01 19:00,5.014377947425705
2025-04-01 20:00,7.115554845791379
2025-04-01 21:00,1.9411285975389994
2025-04-01 22:00,0.43152852489239607
2025-04-01 23:00,1.4059375091763184
2025-04-02 00:00,1.065922343057732
2025-04-02 01:00,3.531459979661242
2025-04-02 02:00,4.876618244931851
2025-04-02 03:00,1.7366700106258972
2025-04-02 04:00,8.227001696818853
2025-04-02 05:00,8.480711713715483
2025-04-02 06:00,7.640265051634401
2025-04-02 07:00,5.2333806863599
2025-04-02 08:00,1.4599075591921653
2025-04-02 09:00,3.2887846321706875
2025-04-02 10:00,3.518551058280604
2025-04-02 11:00,1.4965041852782943
2025-04-02 12:00,1.6642205536004862
2025-04-02 13:00,1.1941309551659056
2025-04-02 14:00,2.2504371215274257
2025-04-02 15:00,0.7329208613007431
2025-04-02 16:00,1.0685877105409551
2025-04-02 17:00,13.493256318092424
2025-04-02 18:00,14.813149638934258
2025-04-02 19:00,14.94696186704018
2025-04-02 20:00,18.068316112969672
2025-04-02 21:00,12.667712098872075
2025-04-02 22:00,10.401497324965309
2025-04-02 23:00,6.79592205328014
2025-04-03 00:00,10.398038203226756
2025-04-03 01:00,15.240307616185957
2025-04-03 02:00,13.422211140338304
2025-04-03 03:00,9.244005039769004
2025-04-03 04:00,6.519887136077541
2025-04-03 05:00,12.690297144480073
2025-04-03 06:00,11.826213997249443
2025-04-03 07:00,10.541065249880123
2025-04-03 08:00,6.176790815991792
2025-04-03 09:00,2.7724013829311334
2025-04-03 10:00,1.0234523886972708
2025-04-03 11:00,2.0157525436442607
2025-04-03 12:00,0.14653408829410997
2025-04-03 13:00,1.396199126053241
2025-04-03 14:00,4.6181622287205
2025-04-03 15:00,6.640543845652645
2025-04-03 16:00,10.83353993763092
2025-04-03 17:00,12.843526922460509
2025-04-03 18:00,18.80648309989732
2025-04-03 19:00,10.416063206440612
2025-04-03 20:00,6.117253941508805
2025-04-03 21:00,5.800287019718427
2025-04-03 22:00,6.2686192981014415
2025-04-03 23:00,5.871242702182623
2025-04-04 00:00,0.5472296101128005
2025-04-04 01:00,3.207507543580819
2025-04-04 02:00,5.369558514617427
2025-04-04 03:00,4.332119821586633
2025-04-04 04:00,1.9454886151687352
2025-04-04 05:00,3.438565108741079
2025-04-04 06:00,3.901005279299092
2025-04-04 07:00,2.1427371972346543
2025-04-04 08:00,0.20014951360584254
2025-04-04 09:00,0.4301454549495985
2025-04-04 10:00,1.1593579768402875
2025-04-04 11:00,3.9070028453313066
2025-04-04 12:00,4.165553930939094
2025-04-04 13:00,1.8538499048378687
2025-04-04 14:00,1.418297887225416
2025-04-04 15:00,1.6779652771678994
2025-04-04 16:00,2.257459447123166
2025-04-04 17:00,0.12516352268966002
2025-04-04 18:00,0.5722066276588015
2025-04-04 19:00,0.0
2025-04-04 20:00,1.0756199971413896
2025-04-04 21:00,0.44425503927033644
2025-04-04 22:00,0.6983450985709317
2025-04-04 23:00,2.069061667353419
2025-04-05 00:00,0.7822639187144638
2025-04-05 01:00,0.21374860260038278
2025-04-05 02:00,4.192336585320829
2025-04-05 03:00,1.0303064450210002
2025-04-05 04:00,2.3508574496555004
2025-04-05 05:00,2.3581001337273797
2025-04-05 06:00,4.199620725171484
2025-04-05 07:00,5.0377707297255565
2025-04-05 08:00,35.028628169011995
2025-04-05 09:00,18.38456042358013
2025-04-05 10:00,43.95352980397403
2025-04-05 11:00,28.122831602025695
2025-04-05 12:00,44.06512225769359
2025-04-05 13:00,47.416038777220834
2025-04-05 14:00,45.324415326258666
2025-04-05 15:00,35.191305785307826
2025-04-05 16:00,24.547025784384328
2025-04-05 17:00,24.525797795543976
2025-04-05 18:00,17.793508003987473
2025-04-05 19:00,19.561062881090592
2025-04-05 20:00,6.422092360545946
2025-04-05 21:00,7.762275481677348
2025-04-05 22:00,2.2527879654714384
2025-04-05 23:00,4.535632815160994
2025-04-06 00:00,13.159793699350415
2025-04-06 01:00,13.423198080194492
2025-04-06 02:00,9.846822719489813
2025-04-06 03:00,6.104702100410384
2025-04-06 04:00,6.571414635387009
2025-04-06 05:00,6.711963956102019
2025-04-06 06:00,7.891807936140042
2025-04-06 07:00,7.324007527429704
2025-04-06 08:00,11.416463049848263
2025-04-06 09:00,7.373693572503313
2025-04-06 10:00,10.080507542749778
2025-04-06 11:00,1.3388657297696642
2025-04-06 12:00,4.753281355698358
2025-04-06 13:00,5.3887690685813565
2025-04-06 14:00,5.452654872872922
2025-04-06 15:00,5.918634645303362
2025-04-06 16:00,4.448946668493774
2025-04-06 17:00,3.1419680222085726
2025-04-06 18:00,4.289383648833125
2025-04-06 19:00,6.307979491471016
2025-04-06 20:00,4.5154330960439335
2025-04-06 21:00,8.42460758985718
2025-04-06 22:00,10.330607240794912
2025-04-06 23:00,11.202009890873203
2025-04-07 00:00,6.475946913819428
2025-04-07 01:00,5.153557427835537
2025-04-07 02:00,4.440975710737238
2025-04-07 03:00,5.706544655104585
2025-04-07 04:00,1.7303184226031674
2025-04-07 05:00,1.9614526969172696
2025-04-07 06:00,4.23350472281761
2025-04-07 07:00,5.955698665658131
2025-04-07 08:00,6.98575282804325
2025-04-07 09:00,9.630364154738166
2025-04-07 10:00,25.02348116547528
2025-04-07 11:00,26.675014448369705
2025-04-07 12:00,31.624619811029245
2025-04-07 13:00,40.02592764768302
2025-04-07 14:00,41.46885259983013
2025-04-07 15:00,41.659072834826794
2025-04-07 16:00,41.794785236082525
2025-04-07 17:00,38.001931412253796
2025-04-07 18:00,30.45889003787303
2025-04-07 19:00,29.268308381092595
2025-04-07 20:00,25.762478846869808
2025-04-07 21:00,25.97085578722685
2025-04-07 22:00,27.9503316945475
2025-04-07 23:00,35.11839911371987
2025-04-08 00:00,37.32548521080115
2025-04-08 01:00,44.69679282286671
2025-04-08 02:00,42.56876646626414
2025-04-08 03:00,34.86385100134984
2025-04-08 04:00,26.62392198825845
2025-04-08 05:00,34.27691194017188
2025-04-08 06:00,35.81363146436965
2025-04-08 07:00,32.699723149961926
2025-04-08 08:00,29.99215718130082
2025-04-08 09:00,24.238516899776855
2025-04-08 10:00,8.672998078354734
2025-04-08 11:00,0.9904433028012786
2025-04-08 12:00,0.8812509265921024
2025-04-08 13:00,0.6461552902077909
2025-04-08 14:00,4.014161001037047
2025-04-08 15:00,1.1549835834782138
2025-04-08 16:00,1.780174002549142
2025-04-08 17:00,2.5935951527628998
2025-04-08 18:00,5.490942728437542
2025-04-08 19:00,5.071917232033606
2025-04-08 20:00,3.3669794303314413
2025-04-08 21:00,2.4027546124328873
2025-04-08 22:00,8.61585019044519
2025-04-08 23:00,2.454704611051298
2025-04-09 00:00,1.3245926398070227
2025-04-09 01:00,2.0068500301346517
2025-04-09 02:00,2.178459777377677
2025-04-09 03:00,2.3873201353565348
2025-04-09 04:00,1.0861597502809084
2025-04-09 05:00,1.9406522385812237
2025-04-09 06:00,0.6840455023674687
2025-04-09 07:00,2.311815038307016
2025-04-09 08:00,1.9591758129634957
2025-04-09 09:00,3.731820509479038
2025-04-09 10:00,2.1186783755012097
2025-04-09 11:00,1.2442486354684843
2025-04-09 12:00,0.606491812128373
2025-04-09 13:00,4.942205583815503
2025-04-09 14:00,1.0157518382029498
2025-04-09 15:00,6.101120992158837
2025-04-09 16:00,7.324818202207578
2025-04-09 17:00,1.4773684848998463
2025-04-09 18:00,4.43006536101562
2025-04-09 19:00,1.4972717039764474
2025-04-09 20:00,4.1055145537577555
2025-04-09 21:00,6.063758687035335
2025-04-09 22:00,2.773097156078508
2025-04-09 23:00,1.4746236349554662
2025-04-10 00:00,3.1533930093915177
2025-04-10 01:00,2.4348866924182784
2025-04-10 02:00,1.894538616292337
2025-04-10 03:00,2.998601325452046
2025-04-10 04:00,2.0729730847568377
2025-04-10 05:00,5.684437534489162
2025-04-10 06:00,2.007000833026691
2025-04-10 07:00,1.4171366062324908
2025-04-10 08:00,2.119562921163072
2025-04-10 09:00,1.0627049365322747
2025-04-10 10:00,2.142015833145614
2025-04-10 11:00,2.0810720181092215
2025-04-10 12:00,2.3405989168885224
2025-04-10 13:00,2.309741482784493
2025-04-10 14:00,1.5771186888852495
2025-04-10 15:00,1.9253463123274985
2025-04-10 16:00,1.631367971726287
2025-04-10 17:00,2.883374068270589
2025-04-10 18:00,4.559480204294197
2025-04-10 19:00,5.487050885674193
2025-04-10 20:00,5.331250249044409
2025-04-10 21:00,3.3840397753075355
2025-04-10 22:00,5.031857345443574
2025-04-10 23:00,6.354394896870385
2025-04-11 00:00,11.037430250140936
2025-04-11 01:00,9.409622274320597
2025-04-11 02:00,10.656379942932963
2025-04-11 03:00,10.412449228638156
2025-04-11 04:00,8.844136119897291
2025-04-11 05:00,7.872694959077078
2025-04-11 06:00,5.204596565437242
2025-04-11 07:00,0.6097211709051443
2025-04-11 08:00,0.02181713823502639
2025-04-11 09:00,2.6711987946965636
2025-04-11 10:00,2.800713494331832
2025-04-11 11:00,0.7460073984077386
2025-04-11 12:00,0.33376942679257016
2025-04-11 13:00,0.3588326307042139
2025-04-11 14:00,0.19480928873499245
2025-04-11 15:00,0.009364571767663733
2025-04-11 16:00,0.4120354674235819
2025-04-11 17:00,0.01697109472926369
2025-04-11 18:00,0.5794742446596891
2025-04-11 19:00,0.5347249511665344
2025-04-11 20:00,0.6219149893932465
2025-04-11 21:00,1.1746220219453964
2025-04-11 22:00,9.754564462831695
2025-04-11 23:00,1.0790781941134924
2025-04-12 00:00,6.201324841183266
2025-04-12 01:00,3.4444386082664593
2025-04-12 02:00,0.15812567429812874
2025-04-12 03:00,1.1574591101976566
2025-04-12 04:00,9.153295370415737
2025-04-12 05:00,6.863690277181996
2025-04-12 06:00,8.574983076815503
2025-04-12 07:00,12.730220891474115
2025-04-12 08:00,18.5499643421714
2025-04-12 09:00,36.567304125945554
2025-04-12 10:00,34.15878567501655
2025-04-12 11:00,36.25414817319961
2025-04-12 12:00,33.441404531781984
2025-04-12 13:00,27.479100057621306
2025-04-12 14:00,34.78590000732737
2025-04-12 15:00,30.967390487993296
2025-04-12 16:00,35.68903459975537
2025-04-12 17:00,44.83332455861948
2025-04-12 18:00,53.80410630933913
2025-04-12 19:00,59.9470550978231
2025-04-12 20:00,59.52903415560569
2025-04-12 21:00,59.74921952231867
2025-04-12 22:00,59.30020449428514
2025-04-12 23:00,52.84507916720183
2025-04-13 00:00,47.997243453961126
2025-04-13 01:00,18.763440927120335
2025-04-13 02:00,10.852384975124025
2025-04-13 03:00,23.687890139934996
2025-04-13 04:00,30.59727375722913
2025-04-13 05:00,32.99813685741361
2025-04-13 06:00,51.28121222868466
2025-04-13 07:00,40.187736186733304
2025-04-13 08:00,30.882793483828262
2025-04-13 09:00,38.512206912787065
2025-04-13 10:00,30.081291052342394
2025-04-13 11:00,41.75540331420962
2025-04-13 12:00,36.81013542098347
2025-04-13 13:00,32.45734754098401
2025-04-13 14:00,34.997067713057206
2025-04-13 15:00,32.286303358056074
2025-04-13 16:00,32.07500419072311
2025-04-13 17:00,29.766706565844743
2025-04-13 18:00,23.93609621981806
2025-04-13 19:00,21.64201390213488
2025-04-13 20:00,27.46656456031358
2025-04-13 21:00,28.31260605261823
2025-04-13 22:00,26.587759701816104
2025-04-13 23:00,38.18854732045744
2025-04-14 00:00,43.514496441526035
2025-04-14 01:00,42.731207637661335
2025-04-14 02:00,51.17382031900754
2025-04-14 03:00,45.32442252428366
2025-04-14 04:00,43.899302341183216
2025-04-14 05:00,50.50756314423365
2025-04-14 06:00,47.79443422936247
2025-04-14 07:00,37.03464264019839
2025-04-14 08:00,38.77698766802625
2025-04-14 09:00,26.75183650843626
2025-04-14 10:00,10.989418877746509
2025-04-14 11:00,11.582746118527826
2025-04-14 12:00,35.29772435205832
2025-04-14 13:00,36.23231671302469
2025-04-14 14:00,35.15047860400266
2025-04-14 15:00,36.73404696860871
2025-04-14 16:00,41.563793435864014
2025-04-14 17:00,36.87807333028951
2025-04-14 18:00,44.69579527400703
2025-04-14 19:00,35.08803613826918
2025-04-14 20:00,56.152717955242984
2025-04-14 21:00,53.0751269853439
2025-04-14 22:00,45.79492998891486
2025-04-14 23:00,35.0562201752088
2025-04-15 00:00,32.85514288857222
2025-04-15 01:00,39.46697989325786
2025-04-15 02:00,41.37913666595508
2025-04-15 03:00,44.644566280343625
2025-04-15 04:00,28.120498576836226
2025-04-15 05:00,29.04356356519087
2025-04-15 06:00,22.938078989388295
2025-04-15 07:00,19.78627177257246
2025-04-15 08:00,28.436096195314466
2025-04-15 09:00,21.317046814951357
2025-04-15 10:00,20.16140018843873
2025-04-15 11:00,16.905071235277696
2025-04-15 12:00,14.376819446143108
2025-04-15 13:00,12.688846726466592
2025-04-15 14:00,11.277926301047819
2025-04-15 15:00,10.327796944921952
2025-04-15 16:00,9.339429815036425
2025-04-15 17:00,6.7299506962182685
2025-04-15 18:00,8.10592804554946
2025-04-15 19:00,8.9653610384541
2025-04-15 20:00,8.888639467753075
2025-04-15 21:00,13.425396803221236
2025-04-15 22:00,13.83879032031035
2025-04-15 23:00,16.224373983130018
2025-04-16 00:00,17.282473979612508
2025-04-16 01:00,16.472870736331625
2025-04-16 02:00,11.292352025873619
2025-04-16 03:00,8.615055484079601
2025-04-16 04:00,10.054057724736778
2025-04-16 05:00,21.048788078712285
2025-04-16 06:00,10.335212427168779
2025-04-16 07:00,8.25084398931069
2025-04-16 08:00,7.5307444933079095
2025-04-16 09:00,24.912563347532405
2025-04-16 10:00,31.945450878399114
2025-04-16 11:00,33.820947140065854
2025-04-16 12:00,35.23716014111589
2025-04-16 13:00,36.55145188274204
2025-04-16 14:00,39.40459815076618
2025-04-16 15:00,37.44643376242123
2025-04-16 16:00,41.623919495640756
2025-04-16 17:00,33.7626690274708
2025-04-16 18:00,33.06808870555289
2025-04-16 19:00,34.869354337457246
2025-04-16 20:00,40.585889270321694
2025-04-16 21:00,39.755663325382194
2025-04-16 22:00,41.752509829743964
2025-04-16 23:00,46.58890787434238
2025-04-17 00:00,48.17485848201935
2025-04-17 01:00,48.87313056598919
2025-04-17 02:00,49.05988155881008
2025-04-17 03:00,49.42095647837917
2025-04-17 04:00,50.19775200981414
2025-04-17 05:00,50.57371490023155
2025-04-17 06:00,52.4472282550231
2025-04-17 07:00,49.616078151808416
2025-04-17 08:00,49.890574001286986
2025-04-17 09:00,49.94687112350201
2025-04-17 10:00,50.35663482636332
2025-04-17 11:00,47.96819366119264
2025-04-17 12:00,46.15357159839713
2025-04-17 13:00,45.24323571210592
2025-04-17 14:00,42.4685921188315
2025-04-17 15:00,42.62119384869021
2025-04-17 16:00,43.26624103256951
2025-04-17 17:00,41.007928702877784
2025-04-17 18:00,41.795540458257356
2025-04-17 19:00,37.33155080458742
2025-04-17 20:00,28.407454699251076
2025-04-17 21:00,22.385759530545528
2025-04-17 22:00,33.067934584787224
2025-04-17 23:00,36.461330175213504
2025-04-18 00:00,16.122203854136217
2025-04-18 01:00,34.014799678295184
2025-04-18 02:00,46.55246584195248
2025-04-18 03:00,44.48310862832903
2025-04-18 04:00,45.372347031884644
2025-04-18 05:00,43.295472634955345
2025-04-18 06:00,40.653072366506514
2025-04-18 07:00,34.787281274761106
2025-04-18 08:00,38.06045594254013
2025-04-18 09:00,39.55862161382444
2025-04-18 10:00,33.0627717309593
2025-04-18 11:00,24.709503959757626
2025-04-18 12:00,20.210115227871476
2025-04-18 13:00,20.325919277262855
2025-04-18 14:00,15.1002722308831
2025-04-18 15:00,19.12365742241415
2025-04-18 16:00,24.329281278947725
2025-04-18 17:00,26.978198532398412
2025-04-18 18:00,18.060726996084178
2025-04-18 19:00,11.729031660064603
2025-04-18 20:00,13.835746239317556
2025-04-18 21:00,21.447562242157733
2025-04-18 22:00,22.413057754447422
2025-04-18 23:00,23.60026434848294
2025-04-19 00:00,24.107911674818734
2025-04-19 01:00,19.914651466735933
2025-04-19 02:00,32.25463868443019
2025-04-19 03:00,27.976676796148624
2025-04-19 04:00,28.287280506558712
2025-04-19 05:00,24.037681279759525
2025-04-19 06:00,29.721661246303952
2025-04-19 07:00,38.53897441371647
2025-04-19 08:00,37.33979777553039
2025-04-19 09:00,34.77632903045625
2025-04-19 10:00,39.18047532034148
2025-04-19 11:00,46.912931068396176
2025-04-19 12:00,46.100716919732825
2025-04-19 13:00,43.6131864374605
2025-04-19 14:00,43.774968313695744
2025-04-19 15:00,45.28596950947029
2025-04-19 16:00,43.89232706466432
2025-04-19 17:00,33.00771093162178
2025-04-19 18:00,34.135992237508525
2025-04-19 19:00,35.59901982639475
2025-04-19 20:00,24.227240789658257
2025-04-19 21:00,4.196547567796727
2025-04-19 22:00,7.7026197812898145
2025-04-19 23:00,8.046189565890938
2025-04-20 00:00,5.364275051166654
2025-04-20 01:00,3.2852232798151957
2025-04-20 02:00,4.625944999504625
2025-04-20 03:00,5.147026854363432
2025-04-20 04:00,7.1699200360296
2025-04-20 05:00,17.1528995089382
2025-04-20 06:00,17.091225021003332
2025-04-20 07:00,17.22085864297404
2025-04-20 08:00,14.42853028358282
2025-04-20 09:00,11.762497294024866
2025-04-20 10:00,7.528782762074015
2025-04-20 11:00,8.004289743127554
2025-04-20 12:00,5.758304392532407
2025-04-20 13:00,3.0101563425364772
2025-04-20 14:00,3.77014284408893
2025-04-20 15:00,7.977154880820818
2025-04-20 16:00,11.23197742098984
2025-04-20 17:00,4.402712626989382
2025-04-20 18:00,4.079547305151326
2025-04-20 19:00,6.567531785946155
2025-04-20 20:00,7.638957320236084
2025-04-20 21:00,6.890092659688463
2025-04-20 22:00,12.314934808766493
2025-04-20 23:00,9.779076855836651
2025-04-21 00:00,1.8125336258646938
2025-04-21 01:00,1.2311893289590015
2025-04-21 02:00,1.9954400956048168
2025-04-21 03:00,3.073653711612027
2025-04-21 04:00,2.578122369767341
2025-04-21 05:00,1.647045197375159
2025-04-21 06:00,1.8461514608557843
2025-04-21 07:00,2.6815453071497184
2025-04-21 08:00,1.9511447643149236
2025-04-21 09:00,1.4745278867248397
2025-04-21 10:00,2.117469240169794
2025-04-21 11:00,3.512869814074244
2025-04-21 12:00,8.2312657416525
2025-04-21 13:00,7.035496199627103
2025-04-21 14:00,1.675248600556028
2025-04-21 15:00,1.3477109087162245
2025-04-21 16:00,1.6785318810744803
2025-04-21 17:00,2.6445399496977506
2025-04-21 18:00,1.2551783681340012
2025-04-21 19:00,0.0
2025-04-21 20:00,0.0
2025-04-21 21:00,1.0676611608723923
2025-04-21 22:00,0.5684372605006881
2025-04-21 23:00,0.6463899400708014
2025-04-22 00:00,0.6057591676538737
2025-04-22 01:00,0.4914969004510756
2025-04-22 02:00,0.0
2025-04-22 03:00,1.924961186422909
2025-04-22 04:00,7.137934818634742
2025-04-22 05:00,6.7445018746655325
2025-04-22 06:00,7.572763545577423
2025-04-22 07:00,13.420027452775319
2025-04-22 08:00,10.189836417924253
2025-04-22 09:00,32.73974211615599
2025-04-22 10:00,36.182996889125384
2025-04-22 11:00,37.03336277354042
2025-04-22 12:00,42.17069172837286
2025-04-22 13:00,42.52366851446404
2025-04-22 14:00,42.19235138006091
2025-04-22 15:00,44.64692938093912
2025-04-22 16:00,50.97595555337797
2025-04-22 17:00,51.45672670240014
2025-04-22 18:00,50.83394503602524
2025-04-22 19:00,36.752249240016354
2025-04-22 20:00,20.271480005244346
2025-04-22 21:00,5.992779185129413
2025-04-22 22:00,6.319177174262653
2025-04-22 23:00,11.487152347094467
2025-04-23 00:00,10.100603374509532
2025-04-23 01:00,9.83065467453589
2025-04-23 02:00,12.582192456650727
2025-04-23 03:00,12.32718101946941
2025-04-23 04:00,12.2841572691224
2025-04-23 05:00,11.923667710378773
2025-04-23 06:00,9.556155611494898
2025-04-23 07:00,9.850399381208657
2025-04-23 08:00,8.079002142510653
2025-04-23 09:00,8.310939920142848
2025-04-23 10:00,4.609141628579787
2025-04-23 11:00,2.0762310771017987
2025-04-23 12:00,0.7091248632350104
2025-04-23 13:00,1.7094527446422485
2025-04-23 14:00,1.8780011879680822
2025-04-23 15:00,1.0784711474196345
2025-04-23 16:00,2.8533416056450362
2025-04-23 17:00,3.279899959676237
2025-04-23 18:00,0.9666903484683702
2025-04-23 19:00,2.0300480774238623
2025-04-23 20:00,3.0350355218658582
2025-04-23 21:00,2.2147636457686186
2025-04-23 22:00,2.3368814695881257
2025-04-23 23:00,2.8489294811769046
2025-04-24 00:00,2.9340167441073097
2025-04-24 01:00,4.619706093306004
2025-04-24 02:00,4.9931902393051155
2025-04-24 03:00,7.357412490088195
2025-04-24 04:00,3.6555869020300857
2025-04-24 05:00,1.7867218562588485
2025-04-24 06:00,1.905402243704997
2025-04-24 07:00,1.7486861964692044
2025-04-24 08:00,4.160176429024665
2025-04-24 09:00,9.080716507364688
2025-04-24 10:00,13.62517058198381
2025-04-24 11:00,7.614200956479445
2025-04-24 12:00,1.8656754274501834
2025-04-24 13:00,3.391140717831151
2025-04-24 14:00,1.9141746234754737
2025-04-24 15:00,1.6093243644444846
2025-04-24 16:00,1.8897555546820668
2025-04-24 17:00,4.489744019140368
2025-04-24 18:00,17.51844256732642
2025-04-24 19:00,27.307030412458715
2025-04-24 20:00,26.966255679685098
2025-04-24 21:00,24.577651568025576
2025-04-24 22:00,17.183074035299914
2025-04-24 23:00,10.843299978565765
2025-04-25 00:00,10.808511820118172
2025-04-25 01:00,10.789573201512107
2025-04-25 02:00,11.92620087837451
2025-04-25 03:00,12.859905716262055
2025-04-25 04:00,14.757819688116818
2025-04-25 05:00,18.446736500323276
2025-04-25 06:00,17.193637850955
2025-04-25 07:00,7.044678238854838
2025-04-25 08:00,9.42316499640058
2025-04-25 09:00,2.3657462815517514
2025-04-25 10:00,1.0197907921116125
2025-04-25 11:00,1.4848660429813043
2025-04-25 12:00,1.2078350735775565
2025-04-25 13:00,3.4903003142749864
2025-04-25 14:00,2.028151432207195
2025-04-25 15:00,7.135282702536114
2025-04-25 16:00,4.1919620934239035
2025-04-25 17:00,3.155270283583056
2025-04-25 18:00,5.165988530624444
2025-04-25 19:00,3.964093042317114
2025-04-25 20:00,1.9648403008830762
2025-04-25 21:00,1.2568173039431718
2025-04-25 22:00,2.233643565178245
2025-04-25 23:00,3.6697621921605608
2025-04-26 00:00,3.613232265033698
2025-04-26 01:00,5.100494971178836
2025-04-26 02:00,7.114730960245005
2025-04-26 03:00,4.482810039549495
2025-04-26 04:00,1.7476583713728342
2025-04-26 05:00,2.904915497927274
2025-04-26 06:00,2.717484912476116
2025-04-26 07:00,10.247694347238047
2025-04-26 08:00,9.245230993947946
2025-04-26 09:00,3.4404140871650166
2025-04-26 10:00,6.755575309774915
2025-04-26 11:00,9.818996482819886
2025-04-26 12:00,11.895560567554002
2025-04-26 13:00,12.407418025509703
2025-04-26 14:00,17.618196321853862
2025-04-26 15:00,24.34186312447789
2025-04-26 16:00,21.578283494886886
2025-04-26 17:00,16.906703367973833
2025-04-26 18:00,7.960578158639603
2025-04-26 19:00,4.3487900758799745
2025-04-26 20:00,16.302793310726475
2025-04-26 21:00,15.24559274908561
2025-04-26 22:00,17.868385151884777
2025-04-26 23:00,23.244049891691226
2025-04-27 00:00,18.02005335494123
2025-04-27 01:00,3.1787317857450588
2025-04-27 02:00,3.6921089211604206
2025-04-27 03:00,24.68657656960714
2025-04-27 04:00,16.276625452971185
2025-04-27 05:00,13.890978597738021
2025-04-27 06:00,19.312041756343632
2025-04-27 07:00,14.011680071402449
2025-04-27 08:00,20.837994491220968
2025-04-27 09:00,18.788041972639277
2025-04-27 10:00,18.58802970230494
2025-04-27 11:00,3.4690627796990845
2025-04-27 12:00,13.647887678987516
2025-04-27 13:00,3.8645460101470817
2025-04-27 14:00,4.1165260947304345
2025-04-27 15:00,1.1003432379716742
2025-04-27 16:00,0.7360526125424937
2025-04-27 17:00,0.3385933565891863
2025-04-27 18:00,1.0387777078454818
2025-04-27 19:00,1.809881721296827
2025-04-27 20:00,10.19693209325681
2025-04-27 21:00,13.371920547886244
2025-04-27 22:00,13.374395226327222
2025-04-27 23:00,5.052018957484026
2025-04-28 00:00,6.257255038095744
2025-04-28 01:00,7.886159629873497
2025-04-28 02:00,9.313740753439557
2025-04-28 03:00,5.289656723214632
2025-04-28 04:00,5.845302959126574
2025-04-28 05:00,4.770337250983797
2025-04-28 06:00,9.921967060034078
2025-04-28 07:00,2.413176187279541
2025-04-28 08:00,4.945105021625017
2025-04-28 09:00,4.531268895988733
2025-04-28 10:00,2.459608019766367
2025-04-28 11:00,1.9153622924570122
2025-04-28 12:00,4.440299024848485
2025-04-28 13:00,9.312009560296275
2025-04-28 14:00,13.95215180980744
2025-04-28 15:00,16.873891941554096
2025-04-28 16:00,17.605934694735456
2025-04-28 17:00,23.904033078953816
2025-04-28 18:00,29.110601194288005
2025-04-28 19:00,19.847359725891053
2025-04-28 20:00,14.847598302400096
2025-04-28 21:00,13.217145044938178
2025-04-28 22:00,10.730038525388679
2025-04-28 23:00,12.050133717407988
2025-04-29 00:00,10.776656658431492
2025-04-29 01:00,9.386141360009896
2025-04-29 02:00,6.62582546210032
2025-04-29 03:00,9.272312510722998
2025-04-29 04:00,12.866894814744088
2025-04-29 05:00,10.962396780628737
2025-04-29 06:00,10.562977285957368
2025-04-29 07:00,2.70850212063668
2025-04-29 08:00,1.3654000593017788
2025-04-29 09:00,1.156293559709008
2025-04-29 10:00,0.6569056975135585
2025-04-29 11:00,0.8602025730524823
2025-04-29 12:00,0.442139081855047
2025-04-29 13:00,0.20941733592922265
2025-04-29 14:00,0.6248026471241784
2025-04-29 15:00,0.7252124345125928
2025-04-29 16:00,0.36475004660412613
2025-04-29 17:00,0.2654013737772071
2025-04-29 18:00,1.5360305790169972
2025-04-29 19:00,3.648323536565197
2025-04-29 20:00,11.288318071465953
2025-04-29 21:00,17.183143075987978
2025-04-29 22:00,20.707043948442422
2025-04-29 23:00,17.828312095586785
2025-04-30 00:00,4.755046311212569
2025-04-30 01:00,7.671500613676615
2025-04-30 02:00,10.317321783988618
2025-04-30 03:00,7.741776529901232
2025-04-30 04:00,5.157094098276275
2025-04-30 05:00,6.297837329621897
2025-04-30 06:00,11.710225643492645
2025-04-30 07:00,10.67275295633261
2025-04-30 08:00,12.144078945055874
2025-04-30 09:00,24.212377218678583
2025-04-30 10:00,33.72192981282285
2025-04-30 11:00,34.00858509785775
2025-04-30 12:00,34.6850019817829
2025-04-30 13:00,38.14067834714071
2025-04-30 14:00,35.70023340693311
2025-04-30 15:00,34.93470266324294
2025-04-30 16:00,31.873646421544255
2025-04-30 17:00,32.59254471642834
2025-04-30 18:00,22.039372789106988
2025-04-30 19:00,19.484854215006305
2025-04-30 20:00,17.78361676237397
2025-04-30 21:00,19.77256482379368
2025-04-30 22:00,15.541777087584183
2025-04-30 23:00,18.593475796763535
2025-05-01 00:00,30.668068872517946
2025-05-01 01:00,24.366638410914454
2025-05-01 02:00,36.56582503722047
2025-05-01 03:00,39.354597658521165
2025-05-01 04:00,30.688420009878556
2025-05-01 05:00,38.16463678874323
2025-05-01 06:00,41.505126063161974
2025-05-01 07:00,42.8529162412554
2025-05-01 08:00,53.27086675031635
2025-05-01 09:00,52.03724628719684
2025-05-01 10:00,48.07540134073558
2025-05-01 11:00,46.56732594698237
2025-05-01 12:00,49.75494734469691
2025-05-01 13:00,49.404797090212014
2025-05-01 14:00,31.916331850416885
2025-05-01 15:00,21.80894768274755
2025-05-01 16:00,28.135001539468444
2025-05-01 17:00,18.058927956680122
2025-05-01 18:00,13.424008233101283
2025-05-01 19:00,10.556054902362245
2025-05-01 20:00,6.269718512357216
2025-05-01 21:00,5.179535619908188
2025-05-01 22:00,3.981574841724538
2025-05-01 23:00,3.530227868840808
2025-05-02 00:00,13.573986731105771
2025-05-02 01:00,19.953443700864327
2025-05-02 02:00,24.957728068057307
2025-05-02 03:00,23.629894967034016
2025-05-02 04:00,31.085248599987978
2025-05-02 05:00,23.277985664799647
2025-05-02 06:00,12.241171364319582
2025-05-02 07:00,20.859356377567927
2025-05-02 08:00,36.2681317975931
2025-05-02 09:00,30.010413994093586
2025-05-02 10:00,31.013073494533486
2025-05-02 11:00,17.93012222495867
2025-05-02 12:00,13.172301764865342
2025-05-02 13:00,6.38104859302717
2025-05-02 14:00,5.870273086131425
2025-05-02 15:00,4.5060135936183086
2025-05-02 16:00,4.074477518865447
2025-05-02 17:00,3.523889703858039
2025-05-02 18:00,2.418102082725668
2025-05-02 19:00,1.7577249017412744
2025-05-02 20:00,0.5278872250301974
2025-05-02 21:00,0.48819914577644485
2025-05-02 22:00,2.1891854540205795
2025-05-02 23:00,1.2501448358056197
2025-05-03 00:00,0.035848358352769547
2025-05-03 01:00,0.20737131974688514
2025-05-03 02:00,3.6291923689552235
2025-05-03 03:00,9.316318424742418
2025-05-03 04:00,16.241511506283775
2025-05-03 05:00,2.7026446561880633
2025-05-03 06:00,8.202688390180565
2025-05-03 07:00,17.07321931850441
2025-05-03 08:00,14.917088461188879
2025-05-03 09:00,20.125861588873317
2025-05-03 10:00,15.446588676746067
2025-05-03 11:00,7.993960939832421
2025-05-03 12:00,5.892927498620844
2025-05-03 13:00,17.73629387388998
2025-05-03 14:00,8.100312351308059
2025-05-03 15:00,10.74174921207235
2025-05-03 16:00,32.60757855842252
2025-05-03 17:00,42.98377478934686
2025-05-03 18:00,43.81165642806258
2025-05-03 19:00,23.6199342679825
2025-05-03 20:00,17.121876678174957
2025-05-03 21:00,19.47548441079453
2025-05-03 22:00,13.110162161069175
2025-05-03 23:00,6.492228252974229
2025-05-04 00:00,3.6672315232876653
2025-05-04 01:00,9.716255012727526
2025-05-04 02:00,11.200186247228375
2025-05-04 03:00,13.555032252300913
2025-05-04 04:00,10.130722138646343
2025-05-04 05:00,11.543615282919431
2025-05-04 06:00,10.574077195752109
2025-05-04 07:00,7.333776326500918
2025-05-04 08:00,3.9207209526855924
2025-05-04 09:00,2.0774155303206476
2025-05-04 10:00,1.0917164048733854
2025-05-04 11:00,0.14474087400637645
2025-05-04 12:00,0.8953884275506705
2025-05-04 13:00,5.358029217719343
2025-05-04 14:00,5.351452724845256
2025-05-04 15:00,2.1121825461938317
2025-05-04 16:00,5.990230397006506
2025-05-04 17:00,4.889603888600096
2025-05-04 18:00,2.1704302643617615
2025-05-04 19:00,2.907429523150673
2025-05-04 20:00,7.503321049146182
2025-05-04 21:00,4.624041158991143
2025-05-04 22:00,7.35907089676377
2025-05-04 23:00,4.745430559315694
2025-05-05 00:00,5.466039273295731
2025-05-05 01:00,5.5474523793984405
2025-05-05 02:00,0.7662648044651996
2025-05-05 03:00,0.0640116616142497
2025-05-05 04:00,0.0
2025-05-05 05:00,1.3781241496631507
2025-05-05 06:00,4.226829168003665
2025-05-05 07:00,3.118264633086857
2025-05-05 08:00,2.1853527783298463
2025-05-05 09:00,1.6623086224326984
2025-05-05 10:00,2.1743574014411933
2025-05-05 11:00,1.4714159755475837
2025-05-05 12:00,3.331486131666388
2025-05-05 13:00,1.7106830028749507
2025-05-05 14:00,0.26911740449508015
2025-05-05 15:00,0.3261545564124436
2025-05-05 16:00,5.606529610428188
2025-05-05 17:00,2.0760474715261235
2025-05-05 18:00,2.290961809737056
2025-05-05 19:00,6.443422814668138
2025-05-05 20:00,12.18744190788399
2025-05-05 21:00,1.4538530597742436
2025-05-05 22:00,4.649452892349727
2025-05-05 23:00,11.48844983238495
2025-05-06 00:00,5.51614246904242
2025-05-06 01:00,5.604321949760641
2025-05-06 02:00,6.177199444652722
2025-05-06 03:00,8.352943148903988
2025-05-06 04:00,7.902068958740548
2025-05-06 05:00,10.310592923984284
2025-05-06 06:00,10.307308747865333
2025-05-06 07:00,10.06065620608459
2025-05-06 08:00,4.997621115779179
2025-05-06 09:00,4.53016560620791
2025-05-06 10:00,5.137500526605132
2025-05-06 11:00,1.57780617637233
2025-05-06 12:00,1.2017384908607434
2025-05-06 13:00,1.6191882639093018
2025-05-06 14:00,2.261288260444229
2025-05-06 15:00,1.8867925756808759
2025-05-06 16:00,2.7950507640843747
2025-05-06 17:00,8.653382311606162
2025-05-06 18:00,5.269702451021331
2025-05-06 19:00,8.248517629845121
2025-05-06 20:00,4.877721199555124
2025-05-06 21:00,5.060441444852713
2025-05-06 22:00,7.087299513535625
2025-05-06 23:00,7.028637842291895
2025-05-07 00:00,5.225034045947736
2025-05-07 01:00,7.172857742674655
2025-05-07 02:00,6.214874263356097
2025-05-07 03:00,5.083973776196901
2025-05-07 04:00,8.287213009348978
2025-05-07 05:00,9.577626580770886
2025-05-07 06:00,8.367370244328542
2025-05-07 07:00,2.998298714898316
2025-05-07 08:00,3.2852832056956562
2025-05-07 09:00,1.2566849145768113
2025-05-07 10:00,0.3987710740471084
2025-05-07 11:00,0.0
2025-05-07 12:00,0.0
2025-05-07 13:00,0.05728422235439748
2025-05-07 14:00,0.8961774655623105
2025-05-07 15:00,2.0917796044465713
2025-05-07 16:00,1.4559814937912563
2025-05-07 17:00,1.0110568713833763
2025-05-07 18:00,0.6398930790466801
2025-05-07 19:00,0.11751641602474372
2025-05-07 20:00,2.8067295219987702
2025-05-07 21:00,1.7283387780389505
2025-05-07 22:00,3.490016526113717
2025-05-07 23:00,1.151398197821522
2025-05-08 00:00,0.7514978691203937
2025-05-08 01:00,0.6077789531745993
2025-05-08 02:00,1.342972267458
2025-05-08 03:00,1.7068864231271077
2025-05-08 04:00,2.622700374867051
2025-05-08 05:00,5.013446652931359
2025-05-08 06:00,3.6378426826967076
2025-05-08 07:00,0.9983765681325565
2025-05-08 08:00,1.3043543532387063
2025-05-08 09:00,1.0717085563004554
2025-05-08 10:00,2.5509911293474286
2025-05-08 11:00,1.0972365525213026
2025-05-08 12:00,0.5602813813240438
2025-05-08 13:00,4.521746826412446
2025-05-08 14:00,1.388786678357122
2025-05-08 15:00,2.7093675847210617
2025-05-08 16:00,2.522166105312334
2025-05-08 17:00,0.0
2025-05-08 18:00,1.8090602439135752
2025-05-08 19:00,0.0
2025-05-08 20:00,0.0
2025-05-08 21:00,0.0
2025-05-08 22:00,0.0
2025-05-08 23:00,0.8059004386536219
2025-05-09 00:00,2.682460275174918
2025-05-09 01:00,1.5137641759344476
2025-05-09 02:00,3.900018515585028
2025-05-09 03:00,0.5991842106069932
2025-05-09 04:00,0.8986969559372089
2025-05-09 05:00,4.097173383306455
2025-05-09 06:00,5.464838781184448
2025-05-09 07:00,3.566707815477554
2025-05-09 08:00,7.173105402112541
2025-05-09 09:00,10.846559309245864
2025-05-09 10:00,10.309900141944008
2025-05-09 11:00,29.627724729649856
2025-05-09 12:00,40.30857310500143
2025-05-09 13:00,48.45607211544203
2025-05-09 14:00,51.73869921265873
2025-05-09 15:00,49.11963076468131
2025-05-09 16:00,52.954697332278
2025-05-09 17:00,54.74533542553468
2025-05-09 18:00,50.62710691895617
2025-05-09 19:00,50.411752128665384
2025-05-09 20:00,46.606179614099254
2025-05-09 21:00,48.51589209367771
2025-05-09 22:00,51.16230951893236
2025-05-09 23:00,52.48408405338675
2025-05-10 00:00,45.74893762048232
2025-05-10 01:00,51.519516345970395
2025-05-10 02:00,46.685704269481256
2025-05-10 03:00,43.787655884575415
2025-05-10 04:00,35.98657055920685
2025-05-10 05:00,28.01734249640884
2025-05-10 06:00,28.29441476049735
2025-05-10 07:00,31.700177831606037
2025-05-10 08:00,38.205662325774234
2025-05-10 09:00,41.0917124751964
2025-05-10 10:00,43.13025047982886
2025-05-10 11:00,43.864672946292885
2025-05-10 12:00,45.132980983895926
2025-05-10 13:00,45.22047138595116
2025-05-10 14:00,40.0908260925858
2025-05-10 15:00,39.45370514136174
2025-05-10 16:00,37.7080746673342
2025-05-10 17:00,36.12497930715081
2025-05-10 18:00,32.38169509399845
2025-05-10 19:00,23.918096857417055
2025-05-10 20:00,24.374683858749066
2025-05-10 21:00,18.173799358302027
2025-05-10 22:00,17.257743399801562
2025-05-10 23:00,11.714437731975433
2025-05-11 00:00,13.510397340163685
2025-05-11 01:00,10.947487865628139
2025-05-11 02:00,9.506792189743024
2025-05-11 03:00,9.51584743254682
2025-05-11 04:00,10.443113850206661
2025-05-11 05:00,8.667120390222093
2025-05-11 06:00,9.840810192681738
2025-05-11 07:00,8.103053287546967
2025-05-11 08:00,7.823553283895525
2025-05-11 09:00,3.169292737999101
2025-05-11 10:00,8.101276890928563
2025-05-11 11:00,4.084356210323096
2025-05-11 12:00,1.3898739852525501
2025-05-11 13:00,1.6749697962750776
2025-05-11 14:00,1.6076182075765775
2025-05-11 15:00,1.0570780237051314
2025-05-11 16:00,1.1970829461348462
2025-05-11 17:00,3.193455719669759
2025-05-11 18:00,2.655068266980773
2025-05-11 19:00,1.1117611222830899
2025-05-11 20:00,2.441712541876923
2025-05-11 21:00,11.673385911405346
2025-05-11 22:00,11.375986574523903
2025-05-11 23:00,12.378721569807162
2025-05-12 00:00,13.941163798343633
2025-05-12 01:00,14.506070204126843
2025-05-12 02:00,19.81019942157354
2025-05-12 03:00,18.512134225695632
2025-05-12 04:00,16.703468135471365
2025-05-12 05:00,12.335115002017398
2025-05-12 06:00,13.506659423034488
2025-05-12 07:00,12.992306198031612
2025-05-12 08:00,18.186101686106717
2025-05-12 09:00,18.7786928697031
2025-05-12 10:00,9.590321370809091
2025-05-12 11:00,11.844905253882597
2025-05-12 12:00,19.589177706085046
2025-05-12 13:00,16.22881403321617
2025-05-12 14:00,17.750266705319817
2025-05-12 15:00,18.755327208439333
2025-05-12 16:00,15.798174363139081
2025-05-12 17:00,16.380111888152836
2025-05-12 18:00,13.967574823698026
2025-05-12 19:00,10.930019945134278
2025-05-12 20:00,15.103455611528979
2025-05-12 21:00,18.216304631245556
2025-05-12 22:00,17.62692877620769
2025-05-12 23:00,15.862896391727435
2025-05-13 00:00,6.704574059359643
2025-05-13 01:00,6.405667506455642
2025-05-13 02:00,4.0373101680262975
2025-05-13 03:00,4.751656206814502
2025-05-13 04:00,5.1993768347723135
2025-05-13 05:00,6.469148147487161
2025-05-13 06:00,3.9528772995240775
2025-05-13 07:00,6.371443566763297
2025-05-13 08:00,20.67389798319923
2025-05-13 09:00,24.86493166677832
2025-05-13 10:00,26.067014184639437
2025-05-13 11:00,33.7045199138461
2025-05-13 12:00,32.97162228377436
2025-05-13 13:00,31.786921279328006
2025-05-13 14:00,30.386919867473654
2025-05-13 15:00,23.359867306201046
2025-05-13 16:00,22.594002114037412
2025-05-13 17:00,20.334996887760965
2025-05-13 18:00,7.743320243402927
2025-05-13 19:00,9.065200706317182
2025-05-13 20:00,12.671960842729522
2025-05-13 21:00,7.715349118922744
2025-05-13 22:00,7.654664129090873
2025-05-13 23:00,1.4490960766338803
2025-05-14 00:00,19.62997659284422
2025-05-14 01:00,8.222191263303547
2025-05-14 02:00,5.335978879330445
2025-05-14 03:00,4.367008864383071
2025-05-14 04:00,0.9812081809556013
2025-05-14 05:00,1.4594332560457977
2025-05-14 06:00,1.544396696534232
2025-05-14 07:00,2.653874973498405
2025-05-14 08:00,3.967474622911499
2025-05-14 09:00,9.213062561762937
2025-05-14 10:00,6.3873933764909845
2025-05-14 11:00,9.912866341044936
2025-05-14 12:00,21.358202358885755
2025-05-14 13:00,18.955193304902213
2025-05-14 14:00,15.213389981159033
2025-05-14 15:00,20.855767192150367
2025-05-14 16:00,20.76925364493098
2025-05-14 17:00,19.34416519105622
2025-05-14 18:00,11.20897907711923
2025-05-14 19:00,13.506958624177901
2025-05-14 20:00,10.48166331008664
2025-05-14 21:00,6.778384992451913
2025-05-14 22:00,22.82553767190544
2025-05-14 23:00,23.26617673540704
2025-05-15 00:00,28.146838163132458
2025-05-15 01:00,27.700826190944646
2025-05-15 02:00,34.55190001897593
2025-05-15 03:00,40.38930292855752
2025-05-15 04:00,32.85328087686826
2025-05-15 05:00,11.63362952850418
2025-05-15 06:00,33.64580734258095
2025-05-15 07:00,29.02983269138578
2025-05-15 08:00,26.52141156857651
2025-05-15 09:00,31.381356642182116
2025-05-15 10:00,32.6606002911564
2025-05-15 11:00,25.72855887955217
2025-05-15 12:00,20.83470753377241
2025-05-15 13:00,21.037289843031513
2025-05-15 14:00,18.043954755620415
2025-05-15 15:00,21.634740763563432
2025-05-15 16:00,21.29024454625684
2025-05-15 17:00,24.48955873062284
2025-05-15 18:00,24.39965651564784
2025-05-15 19:00,21.031467380818967
2025-05-15 20:00,19.744657717592553
2025-05-15 21:00,15.678691186384107
2025-05-15 22:00,20.210533857648066
2025-05-15 23:00,21.24144800121446
2025-05-16 00:00,19.297254610383057
2025-05-16 01:00,19.500009964915556
2025-05-16 02:00,20.457917398355765
2025-05-16 03:00,22.99344251909674
2025-05-16 04:00,22.411566179613903
2025-05-16 05:00,19.526796808249298
2025-05-16 06:00,12.477493159840199
2025-05-16 07:00,6.747516126415496
2025-05-16 08:00,9.317314770800564
2025-05-16 09:00,9.399469986693918
2025-05-16 10:00,5.489638277745482
2025-05-16 11:00,18.58107033159529
2025-05-16 12:00,14.000457704113447
2025-05-16 13:00,21.705348651584437
2025-05-16 14:00,1.1162475624855035
2025-05-16 15:00,27.124864493692897
2025-05-16 16:00,11.88130567742767
2025-05-16 17:00,24.455260814687346
2025-05-16 18:00,11.403522084700832
2025-05-16 19:00,16.79025928592413
2025-05-16 20:00,12.223571232451887
2025-05-16 21:00,20.771215343966094
2025-05-16 22:00,12.25246602337661
2025-05-16 23:00,14.745405587201015
2025-05-17 00:00,7.9037268689811775
2025-05-17 01:00,6.092855210902814
2025-05-17 02:00,4.657720694253201
2025-05-17 03:00,1.9782277533284054
2025-05-17 04:00,5.43454338014255
2025-05-17 05:00,6.706766806500298
2025-05-17 06:00,9.070397719616734
2025-05-17 07:00,3.9236510523344554
2025-05-17 08:00,5.310475980781945
2025-05-17 09:00,6.968672348570041
2025-05-17 10:00,5.33277433520711
2025-05-17 11:00,3.036861078126651
2025-05-17 12:00,2.2094039487307002
2025-05-17 13:00,0.5504331037336406
2025-05-17 14:00,3.127379141008458
2025-05-17 15:00,2.1979500506813414
2025-05-17 16:00,18.02782555217633
2025-05-17 17:00,17.726074714316248
2025-05-17 18:00,26.00047818182681
2025-05-17 19:00,25.7655740779364
2025-05-17 20:00,8.003882730277846
2025-05-17 21:00,7.966069605372868
2025-05-17 22:00,17.30794404348724
2025-05-17 23:00,4.533496285475085
2025-05-18 00:00,7.407161487296773
2025-05-18 01:00,10.313225317178807
2025-05-18 02:00,5.830191829677456
2025-05-18 03:00,2.756446787831938
2025-05-18 04:00,5.641517779763972
2025-05-18 05:00,4.999553582167674
2025-05-18 06:00,6.915425694771097
2025-05-18 07:00,10.788247386123665
2025-05-18 08:00,8.528279881036555
2025-05-18 09:00,4.643284573515921
2025-05-18 10:00,0.9712598145968936
2025-05-18 11:00,0.8230735967610725
2025-05-18 12:00,0.0700451301972003
2025-05-18 13:00,1.1625846746406836
2025-05-18 14:00,0.9225752255702785
2025-05-18 15:00,1.0547204254526819
2025-05-18 16:00,0.7078012579687202
2025-05-18 17:00,0.35590516812310447
2025-05-18 18:00,0.5872263655739297
2025-05-18 19:00,0.21412043293696484
2025-05-18 20:00,0.0
2025-05-18 21:00,0.6831683388988288
2025-05-18 22:00,0.15792176987195805
2025-05-18 23:00,0.2198517235047426
2025-05-19 00:00,0.23448636500935388
2025-05-19 01:00,0.33556189205176323
2025-05-19 02:00,3.9796524135996796
2025-05-19 03:00,4.685315957054085
2025-05-19 04:00,1.2462596838806042
2025-05-19 05:00,2.536745611948522
2025-05-19 06:00,4.182203286189865
2025-05-19 07:00,3.792989677723774
2025-05-19 08:00,17.629365785652897
2025-05-19 09:00,31.80144891376139
2025-05-19 10:00,41.090800474339545
2025-05-19 11:00,43.16344848869786
2025-05-19 12:00,45.19741620214919
2025-05-19 13:00,43.1302377384875
2025-05-19 14:00,49.713145652655925
2025-05-19 15:00,47.95869828997765
2025-05-19 16:00,46.91249417438383
2025-05-19 17:00,41.53849483648196
2025-05-19 18:00,37.51986239024987
2025-05-19 19:00,32.05241278968508
2025-05-19 20:00,31.19643003962995
2025-05-19 21:00,25.21466347729585
2025-05-19 22:00,23.813446747960022
2025-05-19 23:00,23.076961419071704
2025-05-20 00:00,48.115816588901374
2025-05-20 01:00,45.94152836562395
2025-05-20 02:00,40.25900057413454
2025-05-20 03:00,28.537178992701463
2025-05-20 04:00,37.36666086998735
2025-05-20 05:00,33.40896637284376
2025-05-20 06:00,32.545788044770404
2025-05-20 07:00,35.410753386352646
2025-05-20 08:00,31.10242116534834
2025-05-20 09:00,34.32271267305523
2025-05-20 10:00,35.28396587790106
2025-05-20 11:00,34.107615588706196
2025-05-20 12:00,31.622586861526358
2025-05-20 13:00,26.88012139132509
2025-05-20 14:00,26.6216112062191
2025-05-20 15:00,26.01986248531627
2025-05-20 16:00,25.603237965623205
2025-05-20 17:00,22.223907143925555
2025-05-20 18:00,15.263862593081303
2025-05-20 19:00,17.564961425703924
2025-05-20 20:00,18.233507093340144
2025-05-20 21:00,3.6634979986803144
2025-05-20 22:00,8.530228092177447
2025-05-20 23:00,22.880026772328442
2025-05-21 00:00,14.585644641260357
2025-05-21 01:00,14.995648572731305
2025-05-21 02:00,6.8870653070503245
2025-05-21 03:00,22.02171510698123
2025-05-21 04:00,9.079347817212042
2025-05-21 05:00,15.042375719167932
2025-05-21 06:00,4.483549496688241
2025-05-21 07:00,20.869554230861116
2025-05-21 08:00,4.103690225208601
2025-05-21 09:00,2.7947080996584965
2025-05-21 10:00,1.3399475584706553
2025-05-21 11:00,3.1145233132297294
2025-05-21 12:00,2.3338075770070175
2025-05-21 13:00,0.5360159519497533
2025-05-21 14:00,0.1613214767825318
2025-05-21 15:00,0.03462252502475537
2025-05-21 16:00,0.0
2025-05-21 17:00,0.50251674184545
2025-05-21 18:00,0.5285575064617068
2025-05-21 19:00,5.183152818609792
2025-05-21 20:00,2.801053548163079
2025-05-21 21:00,2.027019398573931
2025-05-21 22:00,3.8599888657825403
2025-05-21 23:00,4.655994087613618
2025-05-22 00:00,3.846732941711848
2025-05-22 01:00,4.84750361526521
2025-05-22 02:00,6.900640127813875
2025-05-22 03:00,9.3562441347268
2025-05-22 04:00,4.780109424746718
2025-05-22 05:00,2.900953545246936
2025-05-22 06:00,4.522335803716527
2025-05-22 07:00,5.715129430753347
2025-05-22 08:00,2.2560377498780104
2025-05-22 09:00,1.0436505236324976
2025-05-22 10:00,0.3112206668457721
2025-05-22 11:00,0.118592939442954
2025-05-22 12:00,0.6673113621471246
2025-05-22 13:00,0.22557699176495122
2025-05-22 14:00,0.1574579777609596
2025-05-22 15:00,0.30159446082018765
2025-05-22 16:00,0.21409718325439192
2025-05-22 17:00,0.3068973828830399
2025-05-22 18:00,1.4319723513243892
2025-05-22 19:00,0.7740516369421159
2025-05-22 20:00,1.62604062328608
2025-05-22 21:00,1.1035048198390365
2025-05-22 22:00,1.5041059133905956
2025-05-22 23:00,3.2881333333342075
2025-05-23 00:00,4.9822314911158045
2025-05-23 01:00,4.230864068641535
2025-05-23 02:00,1.5094790956464037
2025-05-23 03:00,0.3688556408095316
2025-05-23 04:00,0.4833803044508529
2025-05-23 05:00,0.12612984575266875
2025-05-23 06:00,0.005153481392828488
2025-05-23 07:00,0.2749277492452013
2025-05-23 08:00,1.055108733567352
2025-05-23 09:00,1.8962300422807463
2025-05-23 10:00,0.23472600528840387
2025-05-23 11:00,0.4985416404251674
2025-05-23 12:00,2.0974279665604034
2025-05-23 13:00,2.191596137041652
2025-05-23 14:00,2.2247931464687216
2025-05-23 15:00,2.1942997053066424
2025-05-23 16:00,1.9683320277710117
2025-05-23 17:00,2.6528579340250693
2025-05-23 18:00,2.423175489019151
2025-05-23 19:00,4.843415100236801
2025-05-23 20:00,6.039843029602203
2025-05-23 21:00,4.898214600576194
2025-05-23 22:00,5.7764853629392805
2025-05-23 23:00,3.2776620272963264
2025-05-24 00:00,3.503283544851439
2025-05-24 01:00,5.3918010221252235
2025-05-24 02:00,4.080511740664234
2025-05-24 03:00,6.640750011795823
2025-05-24 04:00,6.24113139579734
2025-05-24 05:00,8.500551709202663
2025-05-24 06:00,6.425094379707209
2025-05-24 07:00,6.606436000984485
2025-05-24 08:00,2.936273981969154
2025-05-24 09:00,4.529492082943173
2025-05-24 10:00,5.749423274984866
2025-05-24 11:00,2.6028557041407585
2025-05-24 12:00,6.512019493387066
2025-05-24 13:00,5.458778933867447
2025-05-24 14:00,10.515362288197696
2025-05-24 15:00,8.598667618640116
2025-05-24 16:00,8.402286035993376
2025-05-24 17:00,11.159713842645406
2025-05-24 18:00,8.53264082894969
2025-05-24 19:00,7.331109881302715
2025-05-24 20:00,7.25664140561821
2025-05-24 21:00,7.771176009058688
2025-05-24 22:00,8.725719286247388
2025-05-24 23:00,9.598518382487944
2025-05-25 00:00,11.547036216626907
2025-05-25 01:00,11.873857689143183
2025-05-25 02:00,7.105346479701596
2025-05-25 03:00,8.868412630983189
2025-05-25 04:00,8.855166441063956
2025-05-25 05:00,7.631847598594098
2025-05-25 06:00,7.87573768179178
2025-05-25 07:00,8.506528184013494
2025-05-25 08:00,8.956208388297718
2025-05-25 09:00,5.098557815943414
2025-05-25 10:00,0.9828082164823543
2025-05-25 11:00,0.4055789005828395
2025-05-25 12:00,0.16665513113215533
2025-05-25 13:00,0.10206718893194491
2025-05-25 14:00,1.5438664005102434
2025-05-25 15:00,2.4581604428881647
2025-05-25 16:00,1.6565909033254236
2025-05-25 17:00,1.3656022398714855
2025-05-25 18:00,1.159597463902582
2025-05-25 19:00,1.6431606728055073
2025-05-25 20:00,0.006029629529466031
2025-05-25 21:00,0.0
2025-05-25 22:00,1.895486808910032
2025-05-25 23:00,4.026183914192637
2025-05-26 00:00,3.3378014933640814
2025-05-26 01:00,5.806183800201093
2025-05-26 02:00,3.0314498470632163
2025-05-26 03:00,3.8247607647345605
2025-05-26 04:00,1.826150238605005
2025-05-26 05:00,1.0811861619499676
2025-05-26 06:00,0.6307390049262064
2025-05-26 07:00,6.150819849183539
2025-05-26 08:00,4.022955493441965
2025-05-26 09:00,10.681384476106478
2025-05-26 10:00,11.584552867498465
2025-05-26 11:00,12.259290861076009
2025-05-26 12:00,7.354642572131754
2025-05-26 13:00,2.7540047546864765
2025-05-26 14:00,0.3738917786955381
2025-05-26 15:00,0.7502619549086637
2025-05-26 16:00,0.4718524939266609
2025-05-26 17:00,0.213638426782277
2025-05-26 18:00,0.16587825186139615
2025-05-26 19:00,0.6274937584340672
2025-05-26 20:00,5.356961173584001
2025-05-26 21:00,10.318649719258982
2025-05-26 22:00,7.214050799765294
2025-05-26 23:00,12.949569611331539
2025-05-27 00:00,7.796441469059428
2025-05-27 01:00,11.208205462690664
2025-05-27 02:00,12.807013921001865
2025-05-27 03:00,12.491686342850073
2025-05-27 04:00,9.351855002950854
2025-05-27 05:00,7.966404016543206
2025-05-27 06:00,8.58415193733099
2025-05-27 07:00,8.14050743324323
2025-05-27 08:00,4.829726492331563
2025-05-27 09:00,1.4548042829860248
2025-05-27 10:00,0.6096750005760824
2025-05-27 11:00,0.3402255912568845
2025-05-27 12:00,0.09120970325336687
2025-05-27 13:00,0.01255951543921621
2025-05-27 14:00,0.6391164897291846
2025-05-27 15:00,0.0
2025-05-27 16:00,0.0
2025-05-27 17:00,0.030595597790958984
2025-05-27 18:00,0.0
2025-05-27 19:00,0.0
2025-05-27 20:00,0.0
2025-05-27 21:00,0.0
2025-05-27 22:00,0.0
2025-05-27 23:00,1.9280847366802711
2025-05-28 00:00,0.0
2025-05-28 01:00,0.6869655458161079
2025-05-28 02:00,0.20162723962688414
2025-05-28 03:00,0.6152533490246542
2025-05-28 04:00,0.6114088096197003
2025-05-28 05:00,0.736618160267035
2025-05-28 06:00,0.0
2025-05-28 07:00,2.584527176994973
2025-05-28 08:00,1.5220967758786483
2025-05-28 09:00,1.0877745051010668
2025-05-28 10:00,0.41668270945641356
2025-05-28 11:00,1.0455008564052102
2025-05-28 12:00,0.7382759037541619
2025-05-28 13:00,2.1626473112355398
2025-05-28 14:00,2.257354424336341
2025-05-28 15:00,2.2045474303569037
2025-05-28 16:00,2.383792122919786
2025-05-28 17:00,3.953068053109335
2025-05-28 18:00,1.4323957732559263
2025-05-28 19:00,1.8594184338139816
2025-05-28 20:00,1.404315575621596
2025-05-28 21:00,5.723991530860535
2025-05-28 22:00,3.6164893604015935
2025-05-28 23:00,4.4309720360776605
2025-05-29 00:00,1.5601761412722521
2025-05-29 01:00,1.558704955931464
2025-05-29 02:00,4.667556783506393
2025-05-29 03:00,5.195759187716099
2025-05-29 04:00,1.2178078988019665
2025-05-29 05:00,0.6960676104223463
2025-05-29 06:00,0.0
2025-05-29 07:00,0.0
2025-05-29 08:00,0.04282967557575758
2025-05-29 09:00,1.3316042063522902
2025-05-29 10:00,0.0
2025-05-29 11:00,0.02867529901792697
2025-05-29 12:00,0.2185266608443944
2025-05-29 13:00,4.296480621897106
2025-05-29 14:00,6.35642389563113
2025-05-29 15:00,8.607354032764396
2025-05-29 16:00,12.46137273611237
2025-05-29 17:00,4.538036155020255
2025-05-29 18:00,9.611040421153978
2025-05-29 19:00,0.0
2025-05-29 20:00,0.0777826501647255
2025-05-29 21:00,0.8171347545024481
2025-05-29 22:00,0.928273409118521
2025-05-29 23:00,1.4513845615281198
2025-05-30 00:00,3.7002062451753903
2025-05-30 01:00,4.8252234193873464
2025-05-30 02:00,8.267755159446356
2025-05-30 03:00,3.445556867373889
2025-05-30 04:00,2.0353272632339756
2025-05-30 05:00,0.5416557491927487
2025-05-30 06:00,0.10014106101634135
2025-05-30 07:00,1.3464020296464947
2025-05-30 08:00,0.9657115731043171
2025-05-30 09:00,0.2570819929811664
2025-05-30 10:00,0.0
2025-05-30 11:00,0.43036720514713495
2025-05-30 12:00,1.5280431347223793
2025-05-30 13:00,2.888632384314449
2025-05-30 14:00,4.281691689262406
2025-05-30 15:00,2.968498993253206
2025-05-30 16:00,2.578638191002324
2025-05-30 17:00,0.7988456651989759
2025-05-30 18:00,0.27163537794531006
2025-05-30 19:00,0.8161930897155361
2025-05-30 20:00,1.4638776120423573
2025-05-30 21:00,4.2495391473596875
2025-05-30 22:00,2.783398031606473
2025-05-30 23:00,2.377808565895692
2025-05-31 00:00,2.766091139145094
2025-05-31 01:00,0.42495482726348227
2025-05-31 02:00,2.1191567798420325
2025-05-31 03:00,1.9377418824897326
2025-05-31 04:00,5.558792947679352
2025-05-31 05:00,2.629603529953904
2025-05-31 06:00,0.8515194851677707
2025-05-31 07:00,1.5649705799653841
2025-05-31 08:00,1.0830261467034812
2025-05-31 09:00,0.4900783662993008
2025-05-31 10:00,0.5587748181339719
2025-05-31 11:00,0.40671814447245425
2025-05-31 12:00,0.44640776479805083
2025-05-31 13:00,0.021100864135844027
2025-05-31 14:00,0.32589031984227784
2025-05-31 15:00,1.1919670889041598
2025-05-31 16:00,2.352432262566809
2025-05-31 17:00,1.420415151998788
2025-05-31 18:00,0.5133904782244375
2025-05-31 19:00,2.3789072965157825
2025-05-31 20:00,1.322252560069235
2025-05-31 21:00,0.0
2025-05-31 22:00,0.42848430361811374
2025-05-31 23:00,0.49042356766985584
2025-06-01 00:00,1.3572361150545538
2025-06-01 01:00,1.7732937979360632
2025-06-01 02:00,0.8524934826492887
2025-06-01 03:00,0.0157299594397461
2025-06-01 04:00,0.0
2025-06-01 05:00,0.0
2025-06-01 06:00,0.09759684436192205
2025-06-01 07:00,4.80117468030889
2025-06-01 08:00,1.5208046797879298
2025-06-01 09:00,1.107850128754778
2025-06-01 10:00,0.0
2025-06-01 11:00,0.13209752134219221
2025-06-01 12:00,0.0
2025-06-01 13:00,0.0
2025-06-01 14:00,1.116947225929595
2025-06-01 15:00,1.9167310874979284
2025-06-01 16:00,1.7412589969031327
2025-06-01 17:00,0.5196950429250676
2025-06-01 18:00,0.410019729995302
2025-06-01 19:00,0.0
2025-06-01 20:00,0.0
2025-06-01 21:00,0.0
2025-06-01 22:00,0.0
2025-06-01 23:00,0.0
2025-06-02 00:00,0.273408447651461
2025-06-02 01:00,1.7908519192172192
2025-06-02 02:00,0.0
2025-06-02 03:00,0.0
2025-06-02 04:00,0.03553455823551074
2025-06-02 05:00,0.3500839855983121
2025-06-02 06:00,0.1023679973426428
2025-06-02 07:00,0.3069120428500847
2025-06-02 08:00,0.09126133943375257
2025-06-02 09:00,1.007728211640189
2025-06-02 10:00,7.819035092912679
2025-06-02 11:00,12.942025504166944
2025-06-02 12:00,9.485759214199287
2025-06-02 13:00,0.4702674238188671
2025-06-02 14:00,0.0
2025-06-02 15:00,0.17303504199654016
2025-06-02 16:00,1.1616487544203324
2025-06-02 17:00,3.0651014882950793
2025-06-02 18:00,2.6475475992624244
2025-06-02 19:00,4.469249761955074
2025-06-02 20:00,4.919718116927059
2025-06-02 21:00,8.73935295660061
2025-06-02 22:00,4.877111433086083
2025-06-02 23:00,4.550117922893013
2025-06-03 00:00,6.492729015393006
2025-06-03 01:00,7.12083911916424
2025-06-03 02:00,6.253157397508437
2025-06-03 03:00,4.511566864803977
2025-06-03 04:00,5.491145184593045
2025-06-03 05:00,5.445638634938524
2025-06-03 06:00,5.433080101592569
2025-06-03 07:00,8.446055114426393
2025-06-03 08:00,4.444681156842643
2025-06-03 09:00,3.0130800747544346
2025-06-03 10:00,3.4346058920680558
2025-06-03 11:00,2.661276886741155
2025-06-03 12:00,1.2842319678050904
2025-06-03 13:00,2.340840064287223
2025-06-03 14:00,2.7832984115805224
2025-06-03 15:00,2.966340448532577
2025-06-03 16:00,4.480118086066079
2025-06-03 17:00,1.9495368881188706
2025-06-03 18:00,0.5788833663002578
2025-06-03 19:00,0.8716901239977345
2025-06-03 20:00,5.772574462540117
2025-06-03 21:00,8.250442850239542
2025-06-03 22:00,18.31437665107815
2025-06-03 23:00,18.59685707792555
2025-06-04 00:00,20.577881385523952
2025-06-04 01:00,21.170800772623146
2025-06-04 02:00,23.39005921810972
2025-06-04 03:00,21.24381825411407
2025-06-04 04:00,23.281914591913733
2025-06-04 05:00,20.317012206245188
2025-06-04 06:00,19.554526628906725
2025-06-04 07:00,22.01712292507823
2025-06-04 08:00,26.333292218866134
2025-06-04 09:00,12.753614362930279
2025-06-04 10:00,2.6168177187673662
2025-06-04 11:00,3.847927624515148
2025-06-04 12:00,0.0
2025-06-04 13:00,0.5573393265036442
2025-06-04 14:00,5.729527931967476
2025-06-04 15:00,14.584553650659316
2025-06-04 16:00,13.367683361224383
2025-06-04 17:00,8.480927163547658
2025-06-04 18:00,4.719683375038379
2025-06-04 19:00,1.6473770989724394
2025-06-04 20:00,1.5838854454261504
2025-06-04 21:00,1.7277348898343525
2025-06-04 22:00,1.5099399920328285
2025-06-04 23:00,2.222035154342296
2025-06-05 00:00,6.309720367868859
2025-06-05 01:00,3.9796003248232594
2025-06-05 02:00,8.777054736417343
2025-06-05 03:00,5.853628124053303
2025-06-05 04:00,6.676699894022728
2025-06-05 05:00,11.257319753303245
2025-06-05 06:00,9.8209774149377
2025-06-05 07:00,3.481937971016533
2025-06-05 08:00,1.4812272019836974
2025-06-05 09:00,0.2096146262259164
2025-06-05 10:00,1.2546295418986888
2025-06-05 11:00,0.5012572201134583
2025-06-05 12:00,4.595908312410145
2025-06-05 13:00,0.933591355415291
2025-06-05 14:00,3.332740373763331
2025-06-05 15:00,2.7185168874080348
2025-06-05 16:00,1.0210438072166081
2025-06-05 17:00,3.5301687039170604
2025-06-05 18:00,2.427445967799263
2025-06-05 19:00,8.050104893461175
2025-06-05 20:00,9.66862438209215
2025-06-05 21:00,15.181417485013515
2025-06-05 22:00,21.059265000744983
2025-06-05 23:00,15.38627932434153
2025-06-06 00:00,15.992806361388952
2025-06-06 01:00,18.27618437399554
2025-06-06 02:00,14.520921434196634
2025-06-06 03:00,17.686509790986573
2025-06-06 04:00,16.81542875256668
2025-06-06 05:00,3.8150856595362455
2025-06-06 06:00,9.456282322312886
2025-06-06 07:00,14.46812590820681
2025-06-06 08:00,22.657376336544775
2025-06-06 09:00,26.13440508546625
2025-06-06 10:00,17.883479287870752
2025-06-06 11:00,20.26542187052245
2025-06-06 12:00,19.330090218404415
2025-06-06 13:00,18.35238017174381
2025-06-06 14:00,18.07995669903864
2025-06-06 15:00,20.330103505780436
2025-06-06 16:00,15.610599041281274
2025-06-06 17:00,6.28250681830048
2025-06-06 18:00,11.42685581063226
2025-06-06 19:00,5.249009433422129
2025-06-06 20:00,2.584761371793085
2025-06-06 21:00,3.136130906451937
2025-06-06 22:00,1.5210787114602502
2025-06-06 23:00,3.3586291457996884
2025-06-07 00:00,13.267876786987081
2025-06-07 01:00,14.407331139744546
2025-06-07 02:00,3.806773331476001
2025-06-07 03:00,3.4074050456554112
2025-06-07 04:00,5.709972736571936
2025-06-07 05:00,2.198554181514428
2025-06-07 06:00,2.045645426430749
2025-06-07 07:00,2.999120738981966
2025-06-07 08:00,8.123525663464164
2025-06-07 09:00,6.721320930255822
2025-06-07 10:00,19.360465185822747
2025-06-07 11:00,20.416675854745254
2025-06-07 12:00,20.696296668099176
2025-06-07 13:00,16.34337796689338
2025-06-07 14:00,5.367309220052854
2025-06-07 15:00,1.9230657405931704
2025-06-07 16:00,1.5176400937984924
2025-06-07 17:00,0.20783719883043456
2025-06-07 18:00,0.26463363536266266
2025-06-07 19:00,0.0
2025-06-07 20:00,0.0
2025-06-07 21:00,0.22237453874005497
2025-06-07 22:00,0.0
2025-06-07 23:00,0.3923474490352138
2025-06-08 00:00,0.17200859066526822
2025-06-08 01:00,0.0
2025-06-08 02:00,0.3990028546113581
2025-06-08 03:00,0.11649700289728664
2025-06-08 04:00,0.0
2025-06-08 05:00,1.160383312309086
2025-06-08 06:00,1.7305635726190236
2025-06-08 07:00,0.40862581848934926
2025-06-08 08:00,0.4931749420816685
2025-06-08 09:00,0.05100307032454284
2025-06-08 10:00,0.0
2025-06-08 11:00,0.0
2025-06-08 12:00,0.0
2025-06-08 13:00,0.0
2025-06-08 14:00,0.0
2025-06-08 15:00,2.7831759448046727
2025-06-08 16:00,0.9716868948245436
2025-06-08 17:00,0.6701184654105908
2025-06-08 18:00,0.0
2025-06-08 19:00,0.07505198612546721
2025-06-08 20:00,0.0
2025-06-08 21:00,0.18580905960216543
2025-06-08 22:00,0.0
2025-06-08 23:00,1.5362128384040914
2025-06-09 00:00,1.9957190390330726
2025-06-09 01:00,0.0
2025-06-09 02:00,0.0
2025-06-09 03:00,0.047084388020719424
2025-06-09 04:00,0.17701976405840075
2025-06-09 05:00,0.33595641956730654
2025-06-09 06:00,1.615229619165652
2025-06-09 07:00,1.7533280243093656
2025-06-09 08:00,4.402918181440909
2025-06-09 09:00,0.8859805425556397
2025-06-09 10:00,1.1165886740936262
2025-06-09 11:00,0.0
2025-06-09 12:00,0.0
2025-06-09 13:00,0.6260867174517236
2025-06-09 14:00,0.9898937049487827
2025-06-09 15:00,0.31360834770877094
2025-06-09 16:00,0.8638535243145941
2025-06-09 17:00,1.0122059015137268
2025-06-09 18:00,0.4861814902854101
2025-06-09 19:00,0.2545702794724448
2025-06-09 20:00,0.13883677975204348
2025-06-09 21:00,0.04918870483995543
2025-06-09 22:00,0.04162516889731985
2025-06-09 23:00,1.0023426946955578
2025-06-10 00:00,0.0
2025-06-10 01:00,0.03435908255986569
2025-06-10 02:00,0.0
2025-06-10 03:00,6.806075074599038
2025-06-10 04:00,10.022240746028707
2025-06-10 05:00,11.997674849360576
2025-06-10 06:00,3.3912165958006786
2025-06-10 07:00,7.053234190956146
2025-06-10 08:00,3.2312683813265095
2025-06-10 09:00,0.04731822355794447
2025-06-10 10:00,0.3048308709387056
2025-06-10 11:00,4.51552252716858
2025-06-10 12:00,0.3080620501771973
2025-06-10 13:00,1.8962730607564333
2025-06-10 14:00,0.0
2025-06-10 15:00,0.42458984756160484
2025-06-10 16:00,0.7190153174152734
2025-06-10 17:00,2.2784853806167016
2025-06-10 18:00,2.7227913963688235
2025-06-10 19:00,0.09244661715675713
2025-06-10 20:00,0.0
2025-06-10 21:00,3.561887578236972
2025-06-10 22:00,4.275098772904268
2025-06-10 23:00,4.396113569695652
2025-06-11 00:00,2.1651290587558303
2025-06-11 01:00,3.0389561773352085
2025-06-11 02:00,5.05950658294943
2025-06-11 03:00,5.242641447165057
2025-06-11 04:00,2.461631196180816
2025-06-11 05:00,5.282748657058474
2025-06-11 06:00,2.6845202564364046
2025-06-11 07:00,1.7891813416095002
2025-06-11 08:00,2.6650635034289807
2025-06-11 09:00,0.5909768638115178
2025-06-11 10:00,0.0
2025-06-11 11:00,2.84388694119844
2025-06-11 12:00,1.495416401392267
2025-06-11 13:00,1.1732334300584553
2025-06-11 14:00,2.460253717435791
2025-06-11 15:00,6.337810516619954
2025-06-11 16:00,6.7010401829523305
2025-06-11 17:00,6.065166551629965
2025-06-11 18:00,1.4466353152965323
2025-06-11 19:00,0.9944565680174753
2025-06-11 20:00,0.09158015038065609
2025-06-11 21:00,0.0
2025-06-11 22:00,0.0
2025-06-11 23:00,0.20661053069065613
2025-06-12 00:00,0.0
2025-06-12 01:00,2.213163023566132
2025-06-12 02:00,0.8280005355832822
2025-06-12 03:00,1.6947896418619341
2025-06-12 04:00,1.225735108714075
2025-06-12 05:00,0.0
2025-06-12 06:00,0.0
2025-06-12 07:00,0.3470927472204194
2025-06-12 08:00,0.47388968145302196
2025-06-12 09:00,0.890420138065485
2025-06-12 10:00,0.19627733634243658
2025-06-12 11:00,0.08806516254213022
2025-06-12 12:00,0.0
2025-06-12 13:00,0.3285375783899818
2025-06-12 14:00,0.0
2025-06-12 15:00,0.0
2025-06-12 16:00,4.891621491328667
2025-06-12 17:00,1.9801450823481939
2025-06-12 18:00,1.2312388801493956
2025-06-12 19:00,3.6974658294016067
2025-06-12 20:00,1.5412246032188546
2025-06-12 21:00,3.1715837769704276
2025-06-12 22:00,0.0
2025-06-12 23:00,0.0
2025-06-13 00:00,0.0
2025-06-13 01:00,0.31705306684549917
2025-06-13 02:00,0.0
2025-06-13 03:00,0.665109954170799
2025-06-13 04:00,0.4933248902166553
2025-06-13 05:00,0.4996261730026661
2025-06-13 06:00,2.1154566677627322
2025-06-13 07:00,0.8335300419968917
2025-06-13 08:00,1.6551860544944688
2025-06-13 09:00,0.0
2025-06-13 10:00,0.0
2025-06-13 11:00,0.0
2025-06-13 12:00,0.41714194041917707
2025-06-13 13:00,0.5726001745142323
2025-06-13 14:00,2.1202789980365
2025-06-13 15:00,5.729544956122017
2025-06-13 16:00,6.557367598615621
2025-06-13 17:00,4.2777258130269
2025-06-13 18:00,0.6542384192085882
2025-06-13 19:00,1.1974448411804164
2025-06-13 20:00,4.119714478587496
2025-06-13 21:00,10.162836158537498
2025-06-13 22:00,10.377126428456625
2025-06-13 23:00,12.738466578225434
2025-06-14 00:00,2.8443343741650984
2025-06-14 01:00,4.8823146575499425
2025-06-14 02:00,5.152521325328776
2025-06-14 03:00,8.119611052106256
2025-06-14 04:00,10.480104972376306
2025-06-14 05:00,12.10780741945692
2025-06-14 06:00,15.440273319863925
2025-06-14 07:00,13.452996641329532
2025-06-14 08:00,5.175349992325207
2025-06-14 09:00,14.79212906852831
2025-06-14 10:00,16.846933297925286
2025-06-14 11:00,12.09524044801383
2025-06-14 12:00,17.136018948683837
2025-06-14 13:00,9.080154412972254
2025-06-14 14:00,7.48905863372909
2025-06-14 15:00,6.055010105708754
2025-06-14 16:00,2.822502789369933
2025-06-14 17:00,3.35379551001375
2025-06-14 18:00,1.6834029787101603
2025-06-14 19:00,2.0045426943956373
2025-06-14 20:00,2.850367003527035
2025-06-14 21:00,1.3190337953242517
2025-06-14 22:00,1.2639884178825385
2025-06-14 23:00,2.0075476457252064
2025-06-15 00:00,4.939740069308936
2025-06-15 01:00,7.250340403385214
2025-06-15 02:00,5.516945279275686
2025-06-15 03:00,7.589498664996367
2025-06-15 04:00,9.981003414656325
2025-06-15 05:00,8.166726031748208
2025-06-15 06:00,3.017248065394009
2025-06-15 07:00,2.8229193517934714
2025-06-15 08:00,4.919104805628194
2025-06-15 09:00,3.604503757790161
2025-06-15 10:00,2.801749963430541
2025-06-15 11:00,15.946446794537524
2025-06-15 12:00,26.220658907628867
2025-06-15 13:00,19.32443220159379
2025-06-15 14:00,20.5094516003851
2025-06-15 15:00,33.71064897165547
2025-06-15 16:00,39.46341761345594
2025-06-15 17:00,35.126461871088864
2025-06-15 18:00,38.38577508445041
2025-06-15 19:00,34.64104691395214
2025-06-15 20:00,37.876825834649416
2025-06-15 21:00,35.170330545420036
2025-06-15 22:00,36.68527738729138
2025-06-15 23:00,29.450360566366026
2025-06-16 00:00,35.271276763824225
2025-06-16 01:00,35.45778534893392
2025-06-16 02:00,39.50630324061215
2025-06-16 03:00,42.0922599520858
2025-06-16 04:00,36.43138532502094
2025-06-16 05:00,32.44343195317628
2025-06-16 06:00,30.06522525621005
2025-06-16 07:00,33.3198878671716
2025-06-16 08:00,35.65230693676391
2025-06-16 09:00,32.71375296855345
2025-06-16 10:00,35.51087563175035
2025-06-16 11:00,37.49010648800352
2025-06-16 12:00,42.497051883239166
2025-06-16 13:00,44.613564758362536
2025-06-16 14:00,40.539817829221164
2025-06-16 15:00,40.284082235156646
2025-06-16 16:00,44.35960473272741
2025-06-16 17:00,45.09295705225091
2025-06-16 18:00,44.30995349819713
2025-06-16 19:00,34.42937005201775
2025-06-16 20:00,36.033945520733795
2025-06-16 21:00,35.96061207830346
2025-06-16 22:00,31.396829456900473
2025-06-16 23:00,31.808237749929237
2025-06-17 00:00,28.074888016493084
2025-06-17 01:00,29.659310110153616
2025-06-17 02:00,31.013101007653784
2025-06-17 03:00,35.7998235711372
2025-06-17 04:00,41.34487201770075
2025-06-17 05:00,43.03392178530639
2025-06-17 06:00,36.604129408873334
2025-06-17 07:00,39.220700530010134
2025-06-17 08:00,38.70044864746864
2025-06-17 09:00,34.27525366088851
2025-06-17 10:00,32.644407005035795
2025-06-17 11:00,33.77878526972253
2025-06-17 12:00,36.514853962448534
2025-06-17 13:00,36.546248502354274
2025-06-17 14:00,37.00091779515343
2025-06-17 15:00,36.729166868949186
2025-06-17 16:00,33.37430528801878
2025-06-17 17:00,28.811397507816476
2025-06-17 18:00,27.929381234143815
2025-06-17 19:00,25.544152888861888
2025-06-17 20:00,19.526869833858044
2025-06-17 21:00,17.90795481547188
2025-06-17 22:00,16.695115231346154
2025-06-17 23:00,13.448597679477153
2025-06-18 00:00,18.29410002542602
2025-06-18 01:00,18.05257468738323
2025-06-18 02:00,15.458278322272971
2025-06-18 03:00,20.121662122161496
2025-06-18 04:00,12.644988123624266
2025-06-18 05:00,1.995979941462461
2025-06-18 06:00,1.4061687178313882
2025-06-18 07:00,0.8418774968828493
2025-06-18 08:00,0.6855068034432973
2025-06-18 09:00,0.10909199946399199
2025-06-18 10:00,0.042385173736032705
2025-06-18 11:00,0.2274154850246124
2025-06-18 12:00,0.19435131125207272
2025-06-18 13:00,0.5468325825212677
2025-06-18 14:00,0.4124402540716963
2025-06-18 15:00,0.3737846889289051
2025-06-18 16:00,0.12630402322487433
2025-06-18 17:00,0.3396720197573209
2025-06-18 18:00,0.09477867024843988
2025-06-18 19:00,0.9771980847963285
2025-06-18 20:00,0.0
2025-06-18 21:00,0.0
2025-06-18 22:00,0.2101575807003182
2025-06-18 23:00,2.669671201332176
2025-06-19 00:00,1.649337791473113
2025-06-19 01:00,2.725630232824067
2025-06-19 02:00,3.564561308015073
2025-06-19 03:00,5.0139370192179715
2025-06-19 04:00,1.423555823041894
2025-06-19 05:00,0.8527976734734126
2025-06-19 06:00,2.275435085797182
2025-06-19 07:00,2.447914557169145
2025-06-19 08:00,2.2816006921467578
2025-06-19 09:00,2.2874237485659323
2025-06-19 10:00,0.43824958639764755
2025-06-19 11:00,3.5290690902708297
2025-06-19 12:00,0.5322502127097427
2025-06-19 13:00,6.989983457991338
2025-06-19 14:00,4.435473723522395
2025-06-19 15:00,3.4072456066733467
2025-06-19 16:00,12.519219435958135
2025-06-19 17:00,14.539849335160927
2025-06-19 18:00,7.9451749662192634
2025-06-19 19:00,8.90207602183715
2025-06-19 20:00,13.664618214127087
2025-06-19 21:00,17.17117867947452
2025-06-19 22:00,21.99971690522118
2025-06-19 23:00,15.623840183744472
2025-06-20 00:00,23.910454975755407
2025-06-20 01:00,30.194883995052365
2025-06-20 02:00,27.1169659211992
2025-06-20 03:00,31.577513811620847
2025-06-20 04:00,23.684152580383074
2025-06-20 05:00,28.249752308996282
2025-06-20 06:00,22.40344703836433
2025-06-20 07:00,41.304022938278095
2025-06-20 08:00,40.26002893784657
2025-06-20 09:00,47.29680208539046
2025-06-20 10:00,51.93508992285797
2025-06-20 11:00,49.33188442893075
2025-06-20 12:00,51.45693476385606
2025-06-20 13:00,51.05540681413886
2025-06-20 14:00,51.601714740202766
2025-06-20 15:00,53.251145186338924
2025-06-20 16:00,54.76049836187717
2025-06-20 17:00,53.94563434461566
2025-06-20 18:00,50.605137165056796
2025-06-20 19:00,50.99915097463271
2025-06-20 20:00,51.65915719884936
2025-06-20 21:00,51.018416828746496
2025-06-20 22:00,53.4511308510869
2025-06-20 23:00,51.937897557406245
2025-06-21 00:00,44.46288437866724
2025-06-21 01:00,43.2419270602165
2025-06-21 02:00,41.79263028308578
2025-06-21 03:00,33.68712668773256
2025-06-21 04:00,28.572526905277993
2025-06-21 05:00,25.775595029732948
2025-06-21 06:00,27.062599515582
2025-06-21 07:00,31.04381043479684
2025-06-21 08:00,37.77486932092705
2025-06-21 09:00,29.696149316545302
2025-06-21 10:00,34.61982111016286
2025-06-21 11:00,29.587043863085285
2025-06-21 12:00,28.79248228440128
2025-06-21 13:00,31.327349310977336
2025-06-21 14:00,30.214601364386674
2025-06-21 15:00,41.1692644102988
2025-06-21 16:00,47.45489479627708
2025-06-21 17:00,28.741123805234317
2025-06-21 18:00,8.845114747124043
2025-06-21 19:00,5.734961192055977
2025-06-21 20:00,4.563738585380206
2025-06-21 21:00,1.5839227589518559
2025-06-21 22:00,0.01559930591195833
2025-06-21 23:00,1.0263159099769117
2025-06-22 00:00,4.3722016219239155
2025-06-22 01:00,0.8668257917153636
2025-06-22 02:00,2.0889536881555815
2025-06-22 03:00,0.5259374762795085
2025-06-22 04:00,0.33645057461336686
2025-06-22 05:00,0.0
2025-06-22 06:00,0.048045548623584594
2025-06-22 07:00,0.39133331317948433
2025-06-22 08:00,0.6170894621463678
2025-06-22 09:00,0.2155668068155556
2025-06-22 10:00,0.0
2025-06-22 11:00,0.0
2025-06-22 12:00,0.04722095689691272
2025-06-22 13:00,0.041614089398568296
2025-06-22 14:00,0.12571765310794772
2025-06-22 15:00,0.05625273686642971
2025-06-22 16:00,0.06329867310676833
2025-06-22 17:00,0.06621176654399537
2025-06-22 18:00,0.035876233195122516
2025-06-22 19:00,0.12056780102876698
2025-06-22 20:00,0.05658719387467492
2025-06-22 21:00,0.0
2025-06-22 22:00,0.0
2025-06-22 23:00,0.0
2025-06-23 00:00,0.2840573576797695
2025-06-23 01:00,2.1716496252123263
2025-06-23 02:00,2.2007520679597974
2025-06-23 03:00,0.9125769658885564
2025-06-23 04:00,1.0147295380212957
2025-06-23 05:00,1.6420945312997401
2025-06-23 06:00,0.4556926954209472
2025-06-23 07:00,1.8131379028860215
2025-06-23 08:00,0.5270269928458895
2025-06-23 09:00,0.0
2025-06-23 10:00,0.2885650166639701
2025-06-23 11:00,1.4536005431477177
2025-06-23 12:00,1.5236852387582815
2025-06-23 13:00,1.1987162493203796
2025-06-23 14:00,0.9462456083783227
2025-06-23 15:00,2.0743733588853424
2025-06-23 16:00,2.5333415741930354
2025-06-23 17:00,2.0351744974230295
2025-06-23 18:00,1.9831460234459377
2025-06-23 19:00,2.2411869156415873
2025-06-23 20:00,1.8257785567657914
2025-06-23 21:00,2.6771331029474013
2025-06-23 22:00,5.524825600006044
2025-06-23 23:00,3.136784334491688
2025-06-24 00:00,7.058218392171019
2025-06-24 01:00,1.486724421317807
2025-06-24 02:00,1.3637725018558966
2025-06-24 03:00,0.8415872293105778
2025-06-24 04:00,2.3868107096427114
2025-06-24 05:00,6.726209844669698
2025-06-24 06:00,4.175417231201483
2025-06-24 07:00,3.272549281061102
2025-06-24 08:00,0.7702343415747572
2025-06-24 09:00,1.178992215363123
2025-06-24 10:00,0.15451268350400743
2025-06-24 11:00,0.683600883023215
2025-06-24 12:00,0.6764948427839949
2025-06-24 13:00,0.40909583903608704
2025-06-24 14:00,0.0
2025-06-24 15:00,0.0
2025-06-24 16:00,0.0
2025-06-24 17:00,0.0
2025-06-24 18:00,0.16977067470172189
2025-06-24 19:00,0.2582269562704487
2025-06-24 20:00,0.045632531381778155
2025-06-24 21:00,0.0
2025-06-24 22:00,1.4090255294870146
2025-06-24 23:00,0.0
2025-06-25 00:00,1.5130463561809722
2025-06-25 01:00,1.0287606968756464
2025-06-25 02:00,0.7083155591537942
2025-06-25 03:00,0.39124199404983045
2025-06-25 04:00,0.970243987502296
2025-06-25 05:00,0.866472015528312
2025-06-25 06:00,4.902369716823543
2025-06-25 07:00,9.696644829307347
2025-06-25 08:00,15.137479168740278
2025-06-25 09:00,10.043011468728343
2025-06-25 10:00,10.581391238644798
2025-06-25 11:00,15.307423869211556
2025-06-25 12:00,19.80509016636604
2025-06-25 13:00,18.402085260737
2025-06-25 14:00,17.93936127855641
2025-06-25 15:00,16.71251343653664
2025-06-25 16:00,21.344919121531106
2025-06-25 17:00,21.153255745582225
2025-06-25 18:00,21.472892857629983
2025-06-25 19:00,18.68602707384868
2025-06-25 20:00,19.956281453600162
2025-06-25 21:00,17.633233557667182
2025-06-25 22:00,11.427496261804055
2025-06-25 23:00,17.12535859330174
2025-06-26 00:00,12.567360727208275
2025-06-26 01:00,11.897845172810715
2025-06-26 02:00,14.570494918303607
2025-06-26 03:00,9.832398879380083
2025-06-26 04:00,9.16989497276081
2025-06-26 05:00,7.9153059461575195
2025-06-26 06:00,10.236213892152472
2025-06-26 07:00,11.659119573860815
2025-06-26 08:00,6.480179142655551
2025-06-26 09:00,6.071108354682971
2025-06-26 10:00,0.35631313949787713
2025-06-26 11:00,0.07729934913635238
2025-06-26 12:00,0.12959848943607938
2025-06-26 13:00,0.1334378486699696
2025-06-26 14:00,0.0
2025-06-26 15:00,0.018839859173476848
2025-06-26 16:00,0.0
2025-06-26 17:00,0.0
2025-06-26 18:00,0.2764843928615346
2025-06-26 19:00,0.3042862774244892
2025-06-26 20:00,0.0
2025-06-26 21:00,0.0
2025-06-26 22:00,0.9377603604272149
2025-06-26 23:00,0.4731810963476062
2025-06-27 00:00,1.2291526831184865
2025-06-27 01:00,0.43139994106985274
2025-06-27 02:00,0.641273238287864
2025-06-27 03:00,0.8654469394084731
2025-06-27 04:00,0.158666184871498
2025-06-27 05:00,0.0
2025-06-27 06:00,1.110929481561532
2025-06-27 07:00,1.4559900922366162
2025-06-27 08:00,0.41570166264834574
2025-06-27 09:00,0.0
2025-06-27 10:00,1.4810282059748139
2025-06-27 11:00,0.0
2025-06-27 12:00,0.24261660716442365
2025-06-27 13:00,0.10975464616132768
2025-06-27 14:00,0.11113817540893584
2025-06-27 15:00,0.09262229539723396
2025-06-27 16:00,0.3255763194280648
2025-06-27 17:00,0.3580703288251382
2025-06-27 18:00,0.27093686082222496
2025-06-27 19:00,0.0
2025-06-27 20:00,0.0
2025-06-27 21:00,0.0
2025-06-27 22:00,0.0
2025-06-27 23:00,0.11345706243750561
2025-06-28 00:00,8.152551308963613
2025-06-28 01:00,14.625549825627308
2025-06-28 02:00,13.294457518154188
2025-06-28 03:00,8.278518480541422
2025-06-28 04:00,3.255591396434459
2025-06-28 05:00,3.714369866343434
2025-06-28 06:00,4.208540441414734
2025-06-28 07:00,4.644745985980101
2025-06-28 08:00,3.1504725971368215
2025-06-28 09:00,14.337043551457695
2025-06-28 10:00,16.192137606563453
2025-06-28 11:00,14.897853823742617
2025-06-28 12:00,16.638196076864336
2025-06-28 13:00,14.602160996226766
2025-06-28 14:00,14.909769350410842
2025-06-28 15:00,14.576830327905204
2025-06-28 16:00,15.895096573697355
2025-06-28 17:00,24.899778610808923
2025-06-28 18:00,20.030214300823058
2025-06-28 19:00,15.310279677027479
2025-06-28 20:00,11.313469543470449
2025-06-28 21:00,8.588795472196198
2025-06-28 22:00,8.964663670869447
2025-06-28 23:00,5.33382912860613
2025-06-29 00:00,13.46846807093
2025-06-29 01:00,11.644054091582678
2025-06-29 02:00,12.793345381819483
2025-06-29 03:00,11.425352109125107
2025-06-29 04:00,8.216840680414343
2025-06-29 05:00,1.4368809613152185
2025-06-29 06:00,0.6289213653704425
2025-06-29 07:00,1.1587305911142574
2025-06-29 08:00,3.8721423224002365
2025-06-29 09:00,4.883068529995025
2025-06-29 10:00,12.979684043524912
2025-06-29 11:00,13.788422376352024
2025-06-29 12:00,9.29848817456766
2025-06-29 13:00,4.120182001906829
2025-06-29 14:00,10.715601157030735
2025-06-29 15:00,9.919215979479171
2025-06-29 16:00,10.404008378252566
2025-06-29 17:00,8.8696451179772
2025-06-29 18:00,13.118151170171641
2025-06-29 19:00,7.877530942377771
2025-06-29 20:00,4.489528637674946
2025-06-29 21:00,5.066497089122872
2025-06-29 22:00,3.0055460024057634
2025-06-29 23:00,8.107064342639847
2025-06-30 00:00,2.2540976157093913
2025-06-30 01:00,2.378590318532242
2025-06-30 02:00,1.2245301099917494
2025-06-30 03:00,1.0097608895676193
2025-06-30 04:00,0.7515479130828624
2025-06-30 05:00,1.1403379900287252
2025-06-30 06:00,1.411989279534894
2025-06-30 07:00,1.2220473055078311
2025-06-30 08:00,0.5933206079914181
2025-06-30 09:00,0.16059569754707542
2025-06-30 10:00,1.0716238959004032
2025-06-30 11:00,2.30066087035513
2025-06-30 12:00,5.782747061758726
2025-06-30 13:00,6.853709714693841
2025-06-30 14:00,2.1705047177442696
2025-06-30 15:00,0.37515221824564776
2025-06-30 16:00,11.2973835172592
2025-06-30 17:00,7.904973345326319
2025-06-30 18:00,6.320566593092616
2025-06-30 19:00,2.1213162259545566
2025-06-30 20:00,3.347750399273389
2025-06-30 21:00,0.6849276103364833
2025-06-30 22:00,0.2720719808712778
2025-06-30 23:00,0.7135833696176668
2025-07-01 00:00,0.5070811022656575
2025-07-01 01:00,0.38004744971195975
2025-07-01 02:00,3.8414448367783387
2025-07-01 03:00,3.609220316075626
2025-07-01 04:00,10.628138299079128
2025-07-01 05:00,8.784348695599508
2025-07-01 06:00,1.1123113538573304
2025-07-01 07:00,3.5715264864636427
2025-07-01 08:00,1.7613615299043037
2025-07-01 09:00,3.1771694533316235
2025-07-01 10:00,7.112784938458955
2025-07-01 11:00,3.854493754868099
2025-07-01 12:00,12.033511874595414
2025-07-01 13:00,2.00642236157541
2025-07-01 14:00,0.0
2025-07-01 15:00,0.008282169486104931
2025-07-01 16:00,0.7024190209623207
2025-07-01 17:00,0.17957056199752972
2025-07-01 18:00,0.1735404157318626
2025-07-01 19:00,0.712252927386645
2025-07-01 20:00,0.5576056700779896
2025-07-01 21:00,2.097390720045915
2025-07-01 22:00,2.1320038248657625
2025-07-01 23:00,1.2678632542822166
2025-07-02 00:00,4.128761022810369
2025-07-02 01:00,10.423006735515928
2025-07-02 02:00,6.973129534147192
2025-07-02 03:00,8.682953916854029
2025-07-02 04:00,5.680727534706513
2025-07-02 05:00,3.2242418325611535
2025-07-02 06:00,3.311807326047932
2025-07-02 07:00,4.793638044277758
2025-07-02 08:00,10.355315151771146
2025-07-02 09:00,17.78563327300641
2025-07-02 10:00,13.331198594605452
2025-07-02 11:00,8.167320204927382
2025-07-02 12:00,5.705345337679012
2025-07-02 13:00,7.976974593031792
2025-07-02 14:00,4.1354726746388115
2025-07-02 15:00,0.3038831561556499
2025-07-02 16:00,0.1896328256261807
2025-07-02 17:00,0.949752322196098
2025-07-02 18:00,1.8298258491568784
2025-07-02 19:00,2.014127597012232
2025-07-02 20:00,5.399810137746765
2025-07-02 21:00,1.2385386144589523
2025-07-02 22:00,5.609888876536973
2025-07-02 23:00,3.5155045227592154
2025-07-03 00:00,3.756205721725911
2025-07-03 01:00,8.639738705026753
2025-07-03 02:00,6.5304832273489835
2025-07-03 03:00,3.290845070609741
2025-07-03 04:00,13.19569850969573
2025-07-03 05:00,11.947127028335233
2025-07-03 06:00,12.714804786438764
2025-07-03 07:00,4.592844228799982
2025-07-03 08:00,12.727054405778437
2025-07-03 09:00,8.391102999668684
2025-07-03 10:00,8.77894075164927
2025-07-03 11:00,10.897584162547199
2025-07-03 12:00,10.311794084611188
2025-07-03 13:00,6.6813784403466325
2025-07-03 14:00,5.7045618578896145
2025-07-03 15:00,5.981361242812475
2025-07-03 16:00,7.7175093756800415
2025-07-03 17:00,8.387714529808342
2025-07-03 18:00,8.024703854322139
2025-07-03 19:00,11.082512097400889
2025-07-03 20:00,11.489884794907354
2025-07-03 21:00,12.528598141279273
2025-07-03 22:00,13.328361069701609
2025-07-03 23:00,9.680548144417235
2025-07-04 00:00,13.47555971812894
2025-07-04 01:00,19.1341701283645
2025-07-04 02:00,25.622528357007436
2025-07-04 03:00,26.299464546414757
2025-07-04 04:00,30.570236954986886
2025-07-04 05:00,28.82595978845312
2025-07-04 06:00,21.790308680460704
2025-07-04 07:00,23.690677190312012
2025-07-04 08:00,31.969835262481674
2025-07-04 09:00,31.715843276366698
2025-07-04 10:00,24.26774686538452
2025-07-04 11:00,27.035851978645756
2025-07-04 12:00,30.436291904670668
2025-07-04 13:00,30.731769654771696
2025-07-04 14:00,18.228161255908294
2025-07-04 15:00,29.943752187636377
2025-07-04 16:00,27.611964789263396
2025-07-04 17:00,25.188208301014186
2025-07-04 18:00,23.620194045790225
2025-07-04 19:00,18.314322934939693
2025-07-04 20:00,22.143455825111396
2025-07-04 21:00,20.414709619573056
2025-07-04 22:00,20.583301753772517
2025-07-04 23:00,19.287162568373052
2025-07-05 00:00,17.633283925729252
2025-07-05 01:00,22.045121721977214
2025-07-05 02:00,22.731406847016732
2025-07-05 03:00,22.002032972571445
2025-07-05 04:00,20.944733249134334
2025-07-05 05:00,20.630473898804844
2025-07-05 06:00,21.07807983654132
2025-07-05 07:00,23.405320264080363
2025-07-05 08:00,26.366294319743076
2025-07-05 09:00,24.740629008691066
2025-07-05 10:00,20.254616053054615
2025-07-05 11:00,10.698749622152812
2025-07-05 12:00,13.567255425100791
2025-07-05 13:00,18.229322764116787
2025-07-05 14:00,9.71024969163386
2025-07-05 15:00,9.612265236469966
2025-07-05 16:00,8.511619111678423
2025-07-05 17:00,10.445758399763605
2025-07-05 18:00,16.84598048632981
2025-07-05 19:00,17.73979198722004
2025-07-05 20:00,18.817715670991284
2025-07-05 21:00,16.20892787165128
2025-07-05 22:00,13.157444202917144
2025-07-05 23:00,14.327624739975683
2025-07-06 00:00,18.39233943314666
2025-07-06 01:00,20.706235402662973
2025-07-06 02:00,20.747090984531734
2025-07-06 03:00,20.8277130933719
2025-07-06 04:00,18.183919074928628
2025-07-06 05:00,17.790040517014226
2025-07-06 06:00,16.650785243138397
2025-07-06 07:00,17.826548546481852
2025-07-06 08:00,14.16430715938439
2025-07-06 09:00,12.119783116527195
2025-07-06 10:00,5.610360553634815
2025-07-06 11:00,6.773439746391424
2025-07-06 12:00,4.138356162542194
2025-07-06 13:00,3.5395230949496903
2025-07-06 14:00,9.623605306571356
2025-07-06 15:00,4.249438688552685
2025-07-06 16:00,3.2300805745726064
2025-07-06 17:00,2.542698696535802
2025-07-06 18:00,2.5497588038337233
2025-07-06 19:00,13.852764495191044
2025-07-06 20:00,11.854718147549802
2025-07-06 21:00,11.050709232216606
2025-07-06 22:00,13.082498723458711
2025-07-06 23:00,11.098766274448838
2025-07-07 00:00,12.179098757922436
2025-07-07 01:00,11.28070913699261
2025-07-07 02:00,10.567831484438686
2025-07-07 03:00,10.946057484972814
2025-07-07 04:00,5.30160667893147
2025-07-07 05:00,7.0914363015134905
2025-07-07 06:00,1.319400279787114
2025-07-07 07:00,1.6115699298481636
2025-07-07 08:00,0.5272344249007094
2025-07-07 09:00,0.30730123376131735
2025-07-07 10:00,0.0
2025-07-07 11:00,0.061220316583992414
2025-07-07 12:00,0.3524208627503513
2025-07-07 13:00,0.09496010571430442
2025-07-07 14:00,0.0
2025-07-07 15:00,1.5792278761648988
2025-07-07 16:00,2.5602867428985623
2025-07-07 17:00,0.9135205229244806
2025-07-07 18:00,1.6362691557490312
2025-07-07 19:00,0.6196789520569225
2025-07-07 20:00,1.011878672332738
2025-07-07 21:00,2.120368152187279
2025-07-07 22:00,1.0446863369329906
2025-07-07 23:00,1.066914436140643
2025-07-08 00:00,0.21088352639579602
2025-07-08 01:00,0.47675506029785086
2025-07-08 02:00,0.37101404531661786
2025-07-08 03:00,3.8881478468261523
2025-07-08 04:00,2.132573371181464
2025-07-08 05:00,1.3449184360643103
2025-07-08 06:00,1.348664206806766
2025-07-08 07:00,0.2808718453789871
2025-07-08 08:00,0.0
2025-07-08 09:00,0.0
2025-07-08 10:00,0.0
2025-07-08 11:00,0.032144472132291574
2025-07-08 12:00,0.0
2025-07-08 13:00,1.0038888233784662
2025-07-08 14:00,3.1069357180967434
2025-07-08 15:00,2.7996628444785063
2025-07-08 16:00,4.307716788946588
2025-07-08 17:00,6.656264551735315
2025-07-08 18:00,8.354408155531894
2025-07-08 19:00,1.7492060557039077
2025-07-08 20:00,1.7027232906681347
2025-07-08 21:00,4.712540269472765
2025-07-08 22:00,2.4912833912893344
2025-07-08 23:00,2.8756257697160263
2025-07-09 00:00,0.0
2025-07-09 01:00,1.9614803706799153
2025-07-09 02:00,1.869560644177088
2025-07-09 03:00,0.9456532374585238
2025-07-09 04:00,0.30585513962076416
2025-07-09 05:00,0.0
2025-07-09 06:00,0.33293787502159594
2025-07-09 07:00,0.026318279670866192
2025-07-09 08:00,0.1680191847548007
2025-07-09 09:00,0.02508351279456493
2025-07-09 10:00,0.0
2025-07-09 11:00,0.0
2025-07-09 12:00,0.0
2025-07-09 13:00,1.0673003888947785
2025-07-09 14:00,0.8480162427654381
2025-07-09 15:00,0.015974673027514524
2025-07-09 16:00,1.2717621660750178
2025-07-09 17:00,1.0483904556782229
2025-07-09 18:00,1.7216581198309078
2025-07-09 19:00,0.0
2025-07-09 20:00,0.0
2025-07-09 21:00,0.0
2025-07-09 22:00,0.0
2025-07-09 23:00,4.051150150194767
2025-07-10 00:00,0.6890393709323068
2025-07-10 01:00,0.15596853880970424
2025-07-10 02:00,0.12000493649913174
2025-07-10 03:00,0.2070085343348409
2025-07-10 04:00,0.0
2025-07-10 05:00,0.9186455312431178
2025-07-10 06:00,1.190359055925664
2025-07-10 07:00,0.4424451140686878
2025-07-10 08:00,1.3473684889032156
2025-07-10 09:00,1.343982350617117
2025-07-10 10:00,0.0
2025-07-10 11:00,0.0
2025-07-10 12:00,0.0
2025-07-10 13:00,0.9722612491310987
2025-07-10 14:00,1.4745233332711036
2025-07-10 15:00,2.3236327185804155
2025-07-10 16:00,3.120569033726115
2025-07-10 17:00,3.364543100466579
2025-07-10 18:00,2.07383924612818
2025-07-10 19:00,2.6567373619816492
2025-07-10 20:00,0.0
2025-07-10 21:00,1.109955154784465
2025-07-10 22:00,0.2838421503492261
2025-07-10 23:00,0.970762043470998
2025-07-11 00:00,1.8969803028872096
2025-07-11 01:00,3.196514461093421
2025-07-11 02:00,4.888920765382077
2025-07-11 03:00,5.657320799460751
2025-07-11 04:00,3.561015543681988
2025-07-11 05:00,4.089345397307982
2025-07-11 06:00,7.980769775874324
2025-07-11 07:00,5.762622576591861
2025-07-11 08:00,4.762194926581129
2025-07-11 09:00,0.9347865522932238
2025-07-11 10:00,0.0
2025-07-11 11:00,0.0
2025-07-11 12:00,0.0
2025-07-11 13:00,0.0
2025-07-11 14:00,0.0
2025-07-11 15:00,0.0
2025-07-11 16:00,0.0
2025-07-11 17:00,0.0
2025-07-11 18:00,0.0
2025-07-11 19:00,3.1621520961491787
2025-07-11 20:00,3.0745517558491096
2025-07-11 21:00,1.9841726706039575
2025-07-11 22:00,2.219263175990745
2025-07-11 23:00,3.5878523041105153
2025-07-12 00:00,0.5100770523747267
2025-07-12 01:00,0.0
2025-07-12 02:00,0.6555254555954158
2025-07-12 03:00,1.2853713314128736
2025-07-12 04:00,1.6368589987830398
2025-07-12 05:00,1.1711828312692083
2025-07-12 06:00,1.1383054296715338
2025-07-12 07:00,0.9083865045213287
2025-07-12 08:00,0.0918502669178581
2025-07-12 09:00,0.0
2025-07-12 10:00,0.0
2025-07-12 11:00,0.0
2025-07-12 12:00,0.0
2025-07-12 13:00,0.6955002513958032
2025-07-12 14:00,0.6814426952330754
2025-07-12 15:00,2.0982855631165687
2025-07-12 16:00,3.642643938993383
2025-07-12 17:00,2.0992465591758167
2025-07-12 18:00,1.4821054028212204
2025-07-12 19:00,0.5139793699249421
2025-07-12 20:00,0.0
2025-07-12 21:00,0.0
2025-07-12 22:00,0.0
2025-07-12 23:00,0.0
2025-07-13 00:00,0.0
2025-07-13 01:00,0.0
2025-07-13 02:00,0.0
2025-07-13 03:00,0.5461077076296463
2025-07-13 04:00,0.0
2025-07-13 05:00,0.19577375316815226
2025-07-13 06:00,0.0
2025-07-13 07:00,0.19726394789817425
2025-07-13 08:00,0.0
2025-07-13 09:00,0.0
2025-07-13 10:00,0.04438573742163831
2025-07-13 11:00,0.0
2025-07-13 12:00,0.007341169167158835
2025-07-13 13:00,0.09925488915301817
2025-07-13 14:00,0.695542796936255
2025-07-13 15:00,0.20954404407670005
2025-07-13 16:00,0.0
2025-07-13 17:00,0.48525192136761486
2025-07-13 18:00,0.5168858963763842
2025-07-13 19:00,1.217293919840207
2025-07-13 20:00,0.0
2025-07-13 21:00,0.019858070477837823
2025-07-13 22:00,0.14583377127929237
2025-07-13 23:00,0.0
2025-07-14 00:00,0.9497846739269921
2025-07-14 01:00,1.851802104889654
2025-07-14 02:00,2.7181686958154607
2025-07-14 03:00,1.5670154257718951
2025-07-14 04:00,1.3070754663533934
2025-07-14 05:00,2.1726518891664566
2025-07-14 06:00,3.213075431115057
2025-07-14 07:00,2.322389443379786
2025-07-14 08:00,1.6395557838953072
2025-07-14 09:00,3.087431101202581
2025-07-14 10:00,2.8910277144385366
2025-07-14 11:00,2.0000278522598314
2025-07-14 12:00,3.8638428447856965
2025-07-14 13:00,2.9492693677465454
2025-07-14 14:00,9.89697150908187
2025-07-14 15:00,10.787870800677235
2025-07-14 16:00,14.308050393427548
2025-07-14 17:00,10.262039359990458
2025-07-14 18:00,3.7988242225277973
2025-07-14 19:00,4.005457529473456
2025-07-14 20:00,5.141188230523447
2025-07-14 21:00,6.700982266007265
2025-07-14 22:00,11.970556745530596
2025-07-14 23:00,6.014940247681265
2025-07-15 00:00,1.9452212051395954
2025-07-15 01:00,9.529220066216514
2025-07-15 02:00,12.53967260577719
2025-07-15 03:00,14.860370609094149
2025-07-15 04:00,5.825312196931133
2025-07-15 05:00,6.540289844088428
2025-07-15 06:00,15.43220719087332
2025-07-15 07:00,25.20373452356019
2025-07-15 08:00,31.42141110554904
2025-07-15 09:00,29.777301625320277
2025-07-15 10:00,28.54567756249419
2025-07-15 11:00,22.700398659392494
2025-07-15 12:00,16.724804148088456
2025-07-15 13:00,8.18649637461101
2025-07-15 14:00,15.837597777095848
2025-07-15 15:00,11.631878986662274
2025-07-15 16:00,14.746217792478813
2025-07-15 17:00,3.133945073051333
2025-07-15 18:00,6.1923399280132205
2025-07-15 19:00,3.8637035654674023
2025-07-15 20:00,9.261598580242097
2025-07-15 21:00,20.96412352469176
2025-07-15 22:00,19.394943690137374
2025-07-15 23:00,25.04476550727724
2025-07-16 00:00,13.683322976088848
2025-07-16 01:00,25.597704890779188
2025-07-16 02:00,25.60291017115311
2025-07-16 03:00,23.031832376271094
2025-07-16 04:00,22.672012743330693
2025-07-16 05:00,21.513285495832104
2025-07-16 06:00,23.391868847962623
2025-07-16 07:00,21.854479251970982
2025-07-16 08:00,23.355803941970162
2025-07-16 09:00,29.579626715230393
2025-07-16 10:00,33.22895362038581
2025-07-16 11:00,30.636360856955235
2025-07-16 12:00,26.85364386603249
2025-07-16 13:00,28.152162643536776
2025-07-16 14:00,38.39628907294434
2025-07-16 15:00,24.11970603748664
2025-07-16 16:00,41.7109664503248
2025-07-16 17:00,34.26863600178564
2025-07-16 18:00,35.061992593322316
2025-07-16 19:00,31.838156982209657
2025-07-16 20:00,41.68079066387725
2025-07-16 21:00,41.25435322210493
2025-07-16 22:00,40.70284536791254
2025-07-16 23:00,35.42811758570355
2025-07-17 00:00,51.09073040169409
2025-07-17 01:00,51.32938040194399
2025-07-17 02:00,51.29430431207627
2025-07-17 03:00,49.38303897854626
2025-07-17 04:00,45.010994647713005
2025-07-17 05:00,50.40281828373205
2025-07-17 06:00,47.653463068505914
2025-07-17 07:00,47.340445210900135
2025-07-17 08:00,46.47005085326521
2025-07-17 09:00,47.51713495310463
2025-07-17 10:00,40.97112991871758
2025-07-17 11:00,30.66102141423745
2025-07-17 12:00,20.387733204659252
2025-07-17 13:00,19.88928186725479
2025-07-17 14:00,21.168767735727723
2025-07-17 15:00,13.862344588415525
2025-07-17 16:00,24.292516712934102
2025-07-17 17:00,33.14730670306393
2025-07-17 18:00,21.716224464755175
2025-07-17 19:00,27.545650423591365
2025-07-17 20:00,37.018742265421736
2025-07-17 21:00,46.14925839117481
2025-07-17 22:00,45.182787800088725
2025-07-17 23:00,45.24961526238581
2025-07-18 00:00,41.75357500877131
2025-07-18 01:00,35.64413084121931
2025-07-18 02:00,46.002754716231415
2025-07-18 03:00,33.42067251871266
2025-07-18 04:00,41.50998987894159
2025-07-18 05:00,34.906283078023144
2025-07-18 06:00,34.860015980902
2025-07-18 07:00,30.390980970704245
2025-07-18 08:00,43.60151991468775
2025-07-18 09:00,21.21591752177078
2025-07-18 10:00,31.33738550849953
2025-07-18 11:00,23.442427668080388
2025-07-18 12:00,8.79767844021438
2025-07-18 13:00,10.31454207024108
2025-07-18 14:00,2.5444097865325546
2025-07-18 15:00,5.02475916846048
2025-07-18 16:00,14.98575422680151
2025-07-18 17:00,1.5988468418375663
2025-07-18 18:00,6.4567878942279195
2025-07-18 19:00,1.0430456997794981
2025-07-18 20:00,4.033017150578437
2025-07-18 21:00,4.196313481257357
2025-07-18 22:00,7.5692121927183775
2025-07-18 23:00,1.77646266299702
2025-07-19 00:00,24.660709179709155
2025-07-19 01:00,17.181641813117547
2025-07-19 02:00,19.025492145935917
2025-07-19 03:00,23.168752088919856
2025-07-19 04:00,21.108323635191898
2025-07-19 05:00,22.942870675438304
2025-07-19 06:00,24.232852041367128
2025-07-19 07:00,25.194412578100955
2025-07-19 08:00,37.39013301269094
2025-07-19 09:00,23.92630475472392
2025-07-19 10:00,16.669294217840566
2025-07-19 11:00,18.705469505112664
2025-07-19 12:00,39.23882722635271
2025-07-19 13:00,42.68544269086801
2025-07-19 14:00,28.207199453726812
2025-07-19 15:00,23.80422435004328
2025-07-19 16:00,29.012869841752202
2025-07-19 17:00,33.31280385879929
2025-07-19 18:00,29.694257867641483
2025-07-19 19:00,28.421853474251048
2025-07-19 20:00,29.08109343670612
2025-07-19 21:00,20.739546347713144
2025-07-19 22:00,15.455518767582806
2025-07-19 23:00,10.212525419700036
2025-07-20 00:00,26.157474978876653
2025-07-20 01:00,19.769273251639504
2025-07-20 02:00,14.57108821697776
2025-07-20 03:00,17.809361060574844
2025-07-20 04:00,18.967058475254607
2025-07-20 05:00,17.74079967686917
2025-07-20 06:00,20.58748990961497
2025-07-20 07:00,19.862533877832178
2025-07-20 08:00,21.78896080837609
2025-07-20 09:00,21.563009580349675
2025-07-20 10:00,13.30655201969666
2025-07-20 11:00,8.827828994675727
2025-07-20 12:00,11.008825353730893
2025-07-20 13:00,7.2964315363828485
2025-07-20 14:00,4.1939552420333195
2025-07-20 15:00,8.014994148756468
2025-07-20 16:00,8.549166532924497
2025-07-20 17:00,8.133778940854349
2025-07-20 18:00,5.316831373594834
2025-07-20 19:00,5.765084915195289
2025-07-20 20:00,9.43792478679914
2025-07-20 21:00,7.180986339980959
2025-07-20 22:00,13.327337087291534
2025-07-20 23:00,16.808246853855927
2025-07-21 00:00,7.449493150188887
2025-07-21 01:00,23.746509541428757
2025-07-21 02:00,17.632069528033888
2025-07-21 03:00,15.764739170448468
2025-07-21 04:00,12.405238157567473
2025-07-21 05:00,10.102822745945543
2025-07-21 06:00,15.835722326544547
2025-07-21 07:00,5.650805599026989
2025-07-21 08:00,10.182918117596346
2025-07-21 09:00,14.52787271745318
2025-07-21 10:00,9.21936149751994
2025-07-21 11:00,15.143529270390902
2025-07-21 12:00,10.617354989902726
2025-07-21 13:00,1.9544805757064345
2025-07-21 14:00,11.551092951226616
2025-07-21 15:00,1.709805297949416
2025-07-21 16:00,0.9043899836018957
2025-07-21 17:00,2.6621577172010036
2025-07-21 18:00,4.594948012290604
2025-07-21 19:00,2.7370792924537257
2025-07-21 20:00,9.023067891661151
2025-07-21 21:00,3.00909174816451
2025-07-21 22:00,3.5367409058726293
2025-07-21 23:00,2.6758855263648114
2025-07-22 00:00,2.375714951022494
2025-07-22 01:00,3.300054181241403
2025-07-22 02:00,1.7686087577370695
2025-07-22 03:00,4.3725480102070575
2025-07-22 04:00,1.674853870064073
2025-07-22 05:00,3.59038252936093
2025-07-22 06:00,3.454425197644491
2025-07-22 07:00,2.047712138480131
2025-07-22 08:00,2.637324647106181
2025-07-22 09:00,1.0990362820325001
2025-07-22 10:00,0.157797295685061
2025-07-22 11:00,7.488931818942172
2025-07-22 12:00,4.049706658248894
2025-07-22 13:00,0.09528857674734839
2025-07-22 14:00,0.0
2025-07-22 15:00,0.0
2025-07-22 16:00,0.10450126532260803
2025-07-22 17:00,0.2642613827076789
2025-07-22 18:00,0.11427773006220275
2025-07-22 19:00,0.003141559307079326
2025-07-22 20:00,0.31259988380510967
2025-07-22 21:00,0.24561430028697753
2025-07-22 22:00,0.0
2025-07-22 23:00,0.13007260276850155
2025-07-23 00:00,1.7386781305139205
2025-07-23 01:00,2.204185287696032
2025-07-23 02:00,1.8338571259672496
2025-07-23 03:00,0.0
2025-07-23 04:00,0.0
2025-07-23 05:00,0.22767163123375658
2025-07-23 06:00,0.0
2025-07-23 07:00,0.10494570298748819
2025-07-23 08:00,0.9157401915787095
2025-07-23 09:00,0.3429280879140442
2025-07-23 10:00,0.4515518090237413
2025-07-23 11:00,0.0
2025-07-23 12:00,0.0
2025-07-23 13:00,0.0
2025-07-23 14:00,0.0
2025-07-23 15:00,0.7649978573442756
2025-07-23 16:00,0.862248843282182
2025-07-23 17:00,0.053321713329071124
2025-07-23 18:00,0.9476320818016875
2025-07-23 19:00,1.866713235285529
2025-07-23 20:00,1.5511876125027013
2025-07-23 21:00,0.19907295762126564
2025-07-23 22:00,1.1290653962675048
2025-07-23 23:00,0.652256729891025
2025-07-24 00:00,0.0
2025-07-24 01:00,0.34111242628197985
2025-07-24 02:00,0.0
2025-07-24 03:00,0.040314225603244914
2025-07-24 04:00,0.011194446726845542
2025-07-24 05:00,0.0
2025-07-24 06:00,0.23255377877760777
2025-07-24 07:00,0.0
2025-07-24 08:00,0.0
2025-07-24 09:00,0.0
2025-07-24 10:00,0.0
2025-07-24 11:00,0.0
2025-07-24 12:00,0.0
2025-07-24 13:00,0.06669046592258822
2025-07-24 14:00,0.7523968562289991
2025-07-24 15:00,1.3742787977648214
2025-07-24 16:00,6.605349483655554
2025-07-24 17:00,5.42584896829256
2025-07-24 18:00,2.399160744616361
2025-07-24 19:00,2.2611875245835704
2025-07-24 20:00,0.5615262631567213
2025-07-24 21:00,1.2675134223382765
2025-07-24 22:00,0.9554540122155752
2025-07-24 23:00,0.0
2025-07-25 00:00,0.0
2025-07-25 01:00,0.9131702770657122
2025-07-25 02:00,0.0
2025-07-25 03:00,0.11610607657385202
2025-07-25 04:00,0.150520910616722
2025-07-25 05:00,1.6455462256810147
2025-07-25 06:00,0.0
2025-07-25 07:00,0.24830398203763154
2025-07-25 08:00,0.43101812204298895
2025-07-25 09:00,0.0
2025-07-25 10:00,0.0
2025-07-25 11:00,0.0
2025-07-25 12:00,0.14113832569110982
2025-07-25 13:00,0.0
2025-07-25 14:00,0.6405559120683488
2025-07-25 15:00,0.8828535640463928
2025-07-25 16:00,3.1232278405432456
2025-07-25 17:00,4.428616707413738
2025-07-25 18:00,2.0072840083383214
2025-07-25 19:00,0.0
2025-07-25 20:00,0.5098340967865044
2025-07-25 21:00,0.010525340891432039
2025-07-25 22:00,0.0
2025-07-25 23:00,0.31763553163066527
2025-07-26 00:00,0.5127536591891373
2025-07-26 01:00,0.42464999920673047
2025-07-26 02:00,0.0
2025-07-26 03:00,0.5332602901451842
2025-07-26 04:00,0.0
2025-07-26 05:00,0.09939021225330213
2025-07-26 06:00,1.060281356783836
2025-07-26 07:00,0.0
2025-07-26 08:00,0.0
2025-07-26 09:00,0.0833208152637242
2025-07-26 10:00,0.24446820546365697
2025-07-26 11:00,0.0
2025-07-26 12:00,0.5224019505531856
2025-07-26 13:00,1.3235705198297236
2025-07-26 14:00,2.6570642286791517
2025-07-26 15:00,0.4267745285271476
2025-07-26 16:00,0.9631187624379902
2025-07-26 17:00,0.0
2025-07-26 18:00,3.6950781412096436
2025-07-26 19:00,2.5889440959703705
2025-07-26 20:00,3.1274590627928256
2025-07-26 21:00,3.6944069854025567
2025-07-26 22:00,4.716559726532191
2025-07-26 23:00,0.8767690138416195
2025-07-27 00:00,0.0
2025-07-27 01:00,0.3906268050377149
2025-07-27 02:00,0.7713437376798392
2025-07-27 03:00,0.4295024585669735
2025-07-27 04:00,0.8657308411220437
2025-07-27 05:00,1.5108404124726162
2025-07-27 06:00,0.8630683007151521
2025-07-27 07:00,0.0
2025-07-27 08:00,0.3419963859456865
2025-07-27 09:00,0.0
2025-07-27 10:00,0.0
2025-07-27 11:00,0.0
2025-07-27 12:00,0.0
2025-07-27 13:00,0.24246537542717425
2025-07-27 14:00,1.0266763624133162
2025-07-27 15:00,1.6927775570752748
2025-07-27 16:00,1.9164228942015018
2025-07-27 17:00,1.32721259387562
2025-07-27 18:00,0.5851810731961393
2025-07-27 19:00,0.33369779935540395
2025-07-27 20:00,0.36144779296164325
2025-07-27 21:00,0.0
2025-07-27 22:00,0.0
2025-07-27 23:00,0.5426006397184904
2025-07-28 00:00,1.6438886538276045
2025-07-28 01:00,1.1369250559581245
2025-07-28 02:00,0.7884607353316532
2025-07-28 03:00,1.9371984386588037
2025-07-28 04:00,1.2317676301672051
2025-07-28 05:00,0.6594784615840502
2025-07-28 06:00,0.913926260675483
2025-07-28 07:00,1.06144029289927
2025-07-28 08:00,0.03863593001757018
2025-07-28 09:00,0.0
2025-07-28 10:00,0.0937030765961795
2025-07-28 11:00,0.2429907648894469
2025-07-28 12:00,0.4246396178098561
2025-07-28 13:00,1.231637657471533
2025-07-28 14:00,2.0729946804796446
2025-07-28 15:00,1.6295215116937503
2025-07-28 16:00,1.592815932322322
2025-07-28 17:00,1.8219092809062924
2025-07-28 18:00,2.34932244242834
2025-07-28 19:00,0.998594658416202
2025-07-28 20:00,1.1666755897510022
2025-07-28 21:00,0.6447252900576048
2025-07-28 22:00,0.6687264017058057
2025-07-28 23:00,0.0801149961932
2025-07-29 00:00,2.417686680971327
2025-07-29 01:00,1.6938004113825702
2025-07-29 02:00,0.3501537294170974
2025-07-29 03:00,0.29069557473816815
2025-07-29 04:00,0.022673428290098708
2025-07-29 05:00,0.0
2025-07-29 06:00,0.3175206798520242
2025-07-29 07:00,1.0872210760041696
2025-07-29 08:00,0.8998685177465888
2025-07-29 09:00,0.08874315686328473
2025-07-29 10:00,0.0
2025-07-29 11:00,0.11848741488537595
2025-07-29 12:00,0.0
2025-07-29 13:00,0.4468654813779291
2025-07-29 14:00,1.8791812584284742
2025-07-29 15:00,2.276031871483597
2025-07-29 16:00,2.257558190528075
2025-07-29 17:00,1.8286608228470242
2025-07-29 18:00,2.0376890539633927
2025-07-29 19:00,0.7843547158795272
2025-07-29 20:00,0.47814698670014694
2025-07-29 21:00,0.0
2025-07-29 22:00,0.34064572497347445
2025-07-29 23:00,0.0
2025-07-30 00:00,0.5624272304239911
2025-07-30 01:00,0.0
2025-07-30 02:00,0.1885003074589142
2025-07-30 03:00,0.1273847186211471
2025-07-30 04:00,0.0645601230658304
2025-07-30 05:00,0.8723575877018399
2025-07-30 06:00,0.3615495430222884
2025-07-30 07:00,0.0
2025-07-30 08:00,0.0
2025-07-30 09:00,0.0
2025-07-30 10:00,0.0
2025-07-30 11:00,0.0
2025-07-30 12:00,2.093987351427855
2025-07-30 13:00,1.2721429138627758
2025-07-30 14:00,1.4911698870119638
2025-07-30 15:00,1.806848819537178
2025-07-30 16:00,2.387549807409099
2025-07-30 17:00,4.3625143746797255
2025-07-30 18:00,2.085310503538414
2025-07-30 19:00,3.6010482200317058
2025-07-30 20:00,5.264663057599587
2025-07-30 21:00,0.0
2025-07-30 22:00,0.0
2025-07-30 23:00,1.6075044673956227
2025-07-31 00:00,7.697332522663312
2025-07-31 01:00,9.797525220224623
2025-07-31 02:00,6.779200274734151
2025-07-31 03:00,0.16658781681933682
2025-07-31 04:00,0.0
2025-07-31 05:00,0.0
2025-07-31 06:00,0.0
2025-07-31 07:00,0.0442781856389323
2025-07-31 08:00,0.0
2025-07-31 09:00,0.0
2025-07-31 10:00,0.0
2025-07-31 11:00,0.0
2025-07-31 12:00,0.0
2025-07-31 13:00,0.6253486113956573
2025-07-31 14:00,0.6005807964321161
2025-07-31 15:00,1.6500040094795798
2025-07-31 16:00,1.7800339933014426
2025-07-31 17:00,2.59607266482071
2025-07-31 18:00,2.63259722186444
2025-07-31 19:00,1.71834470224465
2025-07-31 20:00,0.10786263221172784
2025-07-31 21:00,0.8923452775479797
2025-07-31 22:00,1.477150225959223
2025-07-31 23:00,4.849119877264737
2025-08-01 00:00,0.8223993503824039
2025-08-01 01:00,0.21350535516884403
2025-08-01 02:00,0.18659147041785193
2025-08-01 03:00,0.5715886177095757
2025-08-01 04:00,1.723209345222401
2025-08-01 05:00,3.983194496845711
2025-08-01 06:00,5.7293778402635125
2025-08-01 07:00,1.6360860710078002
2025-08-01 08:00,0.18583749410308525
2025-08-01 09:00,0.037420650788149254
2025-08-01 10:00,0.40627911975961
2025-08-01 11:00,0.0
2025-08-01 12:00,0.0
2025-08-01 13:00,0.4756382973371925
2025-08-01 14:00,0.7036861101970275
2025-08-01 15:00,0.7179686253138462
2025-08-01 16:00,0.7821706178925447
2025-08-01 17:00,1.0124275718444735
2025-08-01 18:00,0.5532336439594061
2025-08-01 19:00,0.31734055578760295
2025-08-01 20:00,0.4109142707414946
2025-08-01 21:00,0.20743751183555303
2025-08-01 22:00,0.1920337691288533
2025-08-01 23:00,0.13634055150781726
2025-08-02 00:00,0.0
2025-08-02 01:00,2.9761028407609644
2025-08-02 02:00,1.6065904475108534
2025-08-02 03:00,2.915353052078777
2025-08-02 04:00,1.1462624831649606
2025-08-02 05:00,0.9696133929072243
2025-08-02 06:00,1.4444609626631222
2025-08-02 07:00,0.0
2025-08-02 08:00,0.0
2025-08-02 09:00,0.03270748609285514
2025-08-02 10:00,0.0
2025-08-02 11:00,0.22198833106403806
2025-08-02 12:00,0.5423303859933023
2025-08-02 13:00,0.8422719326429275
2025-08-02 14:00,1.0405222732891601
2025-08-02 15:00,0.4648328406826762
2025-08-02 16:00,0.9747619118976367
2025-08-02 17:00,0.7665020264550804
2025-08-02 18:00,0.7146080288511191
2025-08-02 19:00,0.2704210169344535
2025-08-02 20:00,0.21935659216024347
2025-08-02 21:00,0.28654890005013356
2025-08-02 22:00,0.0
2025-08-02 23:00,0.27513973290702687
2025-08-03 00:00,0.8003363793855606
2025-08-03 01:00,2.068008234805638
2025-08-03 02:00,3.190499273435258
2025-08-03 03:00,1.621739301986414
2025-08-03 04:00,2.08924235044363
2025-08-03 05:00,1.9288677421921743
2025-08-03 06:00,1.8309759335098814
2025-08-03 07:00,0.756728263365296
2025-08-03 08:00,0.42565612703252403
2025-08-03 09:00,0.0
2025-08-03 10:00,0.0
2025-08-03 11:00,0.0
2025-08-03 12:00,0.5788740056718734
2025-08-03 13:00,6.888198950514677
2025-08-03 14:00,2.866131782290323
2025-08-03 15:00,1.1153441075829424
2025-08-03 16:00,0.8770552566371633
2025-08-03 17:00,0.4961654403176066
2025-08-03 18:00,0.005792364723662018
2025-08-03 19:00,0.0
2025-08-03 20:00,0.26091477379284467
2025-08-03 21:00,2.627015573107962
2025-08-03 22:00,1.8201656082942546
2025-08-03 23:00,10.905325409738218
2025-08-04 00:00,40.15112297579185
2025-08-04 01:00,45.89753077192726
2025-08-04 02:00,44.73390028679174
2025-08-04 03:00,39.118287705055266
2025-08-04 04:00,36.067255305451454
2025-08-04 05:00,28.46600527612551
2025-08-04 06:00,35.95991223958318
2025-08-04 07:00,26.285029269876244
2025-08-04 08:00,29.11348389972032
2025-08-04 09:00,26.833880282494583
2025-08-04 10:00,34.903935375125116
2025-08-04 11:00,28.076284160129802
2025-08-04 12:00,31.165690320523012
2025-08-04 13:00,29.268873933950733
2025-08-04 14:00,40.28293270080243
2025-08-04 15:00,35.745552276647125
2025-08-04 16:00,33.503349129773376
2025-08-04 17:00,25.42336903224513
2025-08-04 18:00,20.573710631268344
2025-08-04 19:00,22.407723227780576
2025-08-04 20:00,21.950403080967178
2025-08-04 21:00,18.636870178731087
2025-08-04 22:00,24.268705939088907
2025-08-04 23:00,21.2510520468924
2025-08-05 00:00,0.5747931443650071
2025-08-05 01:00,0.46934267429714366
2025-08-05 02:00,1.0839016156867407
2025-08-05 03:00,1.6162642071095366
2025-08-05 04:00,1.4971110555896496
2025-08-05 05:00,1.4228746315037362
2025-08-05 06:00,3.924637355251245
2025-08-05 07:00,1.1585251377488142
2025-08-05 08:00,1.9756925754628796
2025-08-05 09:00,0.6453065235845118
2025-08-05 10:00,7.300629732671718
2025-08-05 11:00,4.922904882570999
2025-08-05 12:00,3.9471521929795474
2025-08-05 13:00,10.026387021180904
2025-08-05 14:00,6.265783114616142
2025-08-05 15:00,16.78454067130777
2025-08-05 16:00,21.83471178318083
2025-08-05 17:00,21.34546847420494
2025-08-05 18:00,20.469165793623585
2025-08-05 19:00,24.40307835701478
2025-08-05 20:00,26.144124713934215
2025-08-05 21:00,28.338341961190856
2025-08-05 22:00,31.551009910754377
2025-08-05 23:00,35.64903015544669
2025-08-06 00:00,33.734336911492626
2025-08-06 01:00,33.368794699379315
2025-08-06 02:00,30.37685448372368
2025-08-06 03:00,27.842496940418386
2025-08-06 04:00,25.680434829486344
2025-08-06 05:00,24.209520204385758
2025-08-06 06:00,25.1331711836179
2025-08-06 07:00,35.07818521901319
2025-08-06 08:00,35.31802011979112
2025-08-06 09:00,35.239761185331446
2025-08-06 10:00,40.70779805265586
2025-08-06 11:00,34.49594916661019
2025-08-06 12:00,29.43657346372423
2025-08-06 13:00,36.585937881890466
2025-08-06 14:00,35.151837646908774
2025-08-06 15:00,33.68359742677668
2025-08-06 16:00,28.663975204810722
2025-08-06 17:00,28.085696003484035
2025-08-06 18:00,28.926419307875452
2025-08-06 19:00,24.327276535239175
2025-08-06 20:00,22.80128427240971
2025-08-06 21:00,23.443396629372817
2025-08-06 22:00,19.117631455740522
2025-08-06 23:00,12.247750691258826
2025-08-07 00:00,2.507623731882057
2025-08-07 01:00,1.2990458923570523
2025-08-07 02:00,1.2014130532216682
2025-08-07 03:00,1.7722770867471027
2025-08-07 04:00,1.2521108171981932
2025-08-07 05:00,0.3690912466402782
2025-08-07 06:00,1.0847259132467266
2025-08-07 07:00,0.9408556965451551
2025-08-07 08:00,0.46555510349926355
2025-08-07 09:00,0.7400944262408886
2025-08-07 10:00,0.9242275708741324
2025-08-07 11:00,2.6836717387103013
2025-08-07 12:00,1.3376242366170195
2025-08-07 13:00,1.437418184649378
2025-08-07 14:00,0.844011621248985
2025-08-07 15:00,0.3027774689708073
2025-08-07 16:00,0.2761271954644077
2025-08-07 17:00,0.1801922591854638
2025-08-07 18:00,0.051526707986753455
2025-08-07 19:00,0.06762483303197263
2025-08-07 20:00,0.0
2025-08-07 21:00,0.0
2025-08-07 22:00,0.0
2025-08-07 23:00,0.42497814202404727
2025-08-08 00:00,0.8014565244198396
2025-08-08 01:00,0.3874725826483974
2025-08-08 02:00,0.8410635655428643
2025-08-08 03:00,0.9377591369065732
2025-08-08 04:00,0.5245260425937931
2025-08-08 05:00,0.7589993115150621
2025-08-08 06:00,0.4204072578083555
2025-08-08 07:00,1.0254353076968716
2025-08-08 08:00,0.24594060564539602
2025-08-08 09:00,0.0
2025-08-08 10:00,0.0
2025-08-08 11:00,0.0
2025-08-08 12:00,0.0
2025-08-08 13:00,0.14173827224127952
2025-08-08 14:00,0.38275207552326734
2025-08-08 15:00,0.07291725808746527
2025-08-08 16:00,0.11516802821200484
2025-08-08 17:00,0.49003888009112123
2025-08-08 18:00,0.12504453696458587
2025-08-08 19:00,0.0
2025-08-08 20:00,0.0
2025-08-08 21:00,0.2125124992771919
2025-08-08 22:00,0.40463439376078836
2025-08-08 23:00,1.0491310850052706
2025-08-09 00:00,1.3239064048261313
2025-08-09 01:00,0.0
2025-08-09 02:00,0.0
2025-08-09 03:00,0.0
2025-08-09 04:00,2.525130194540294
2025-08-09 05:00,2.605912639506365
2025-08-09 06:00,3.6767659730353994
2025-08-09 07:00,0.8700300224384016
2025-08-09 08:00,1.1892084318462106
2025-08-09 09:00,0.47478106299015227
2025-08-09 10:00,1.1663257257755026
2025-08-09 11:00,0.694976666489731
2025-08-09 12:00,0.019331543373861268
2025-08-09 13:00,1.3076255811573532
2025-08-09 14:00,3.0190715614285715
2025-08-09 15:00,3.705990846480566
2025-08-09 16:00,12.637387967934384
2025-08-09 17:00,25.626087875476387
2025-08-09 18:00,22.979926847307212
2025-08-09 19:00,8.491944514107454
2025-08-09 20:00,6.448207783751871
2025-08-09 21:00,10.187103859019262
2025-08-09 22:00,20.608376940882007
2025-08-09 23:00,31.47850835733696
2025-08-10 00:00,0.2624628154190705
2025-08-10 01:00,2.0057952796177365
2025-08-10 02:00,1.9499041000849746
2025-08-10 03:00,9.908531852739594
2025-08-10 04:00,9.163127722028548
2025-08-10 05:00,10.702725359792657
2025-08-10 06:00,11.330117484271772
2025-08-10 07:00,12.569421742248595
2025-08-10 08:00,18.802132081168875
2025-08-10 09:00,21.765889099019798
2025-08-10 10:00,16.969298719055757
2025-08-10 11:00,11.15336799983094
2025-08-10 12:00,6.618086853805793
2025-08-10 13:00,5.884675607222839
2025-08-10 14:00,4.226836450530115
2025-08-10 15:00,5.869648942348365
2025-08-10 16:00,10.455030600282615
2025-08-10 17:00,4.1315605400739095
2025-08-10 18:00,0.0
2025-08-10 19:00,0.0
2025-08-10 20:00,0.17331700086276197
2025-08-10 21:00,1.3745690845674599
2025-08-10 22:00,2.140519552924937
2025-08-10 23:00,2.114692937374433
2025-08-11 00:00,3.89262779435182
2025-08-11 01:00,3.4548950391045796
2025-08-11 02:00,0.6914519558992388
2025-08-11 03:00,5.551311086647345
2025-08-11 04:00,0.3014743921196164
2025-08-11 05:00,0.1931092740054603
2025-08-11 06:00,0.4900404510420315
2025-08-11 07:00,0.7975797697069541
2025-08-11 08:00,1.001364234696245
2025-08-11 09:00,3.6118479659003304
2025-08-11 10:00,1.4159777645060443
2025-08-11 11:00,1.0741093916980367
2025-08-11 12:00,6.2144146034629655
2025-08-11 13:00,1.0493731566121232
2025-08-11 14:00,0.11552642095277543
2025-08-11 15:00,2.018326108429052
2025-08-11 16:00,2.0574766234889372
2025-08-11 17:00,1.2325873363344875
2025-08-11 18:00,3.864340744474774
2025-08-11 19:00,2.5707258555999717
2025-08-11 20:00,1.2500125065579455
2025-08-11 21:00,2.7231644464546454
2025-08-11 22:00,5.291670321925414
2025-08-11 23:00,2.5568095631268024
2025-08-12 00:00,0.26243814596988957
2025-08-12 01:00,0.28298148741179807
2025-08-12 02:00,0.42601752418028893
2025-08-12 03:00,0.7228902894241349
2025-08-12 04:00,0.3127887865083134
2025-08-12 05:00,0.0
2025-08-12 06:00,0.6090500716256968
2025-08-12 07:00,0.3701067674759812
2025-08-12 08:00,0.0
2025-08-12 09:00,0.0
2025-08-12 10:00,0.0
2025-08-12 11:00,1.2530217536173969
2025-08-12 12:00,0.2430859505908884
2025-08-12 13:00,8.635990810280425
2025-08-12 14:00,1.8060842882783115
2025-08-12 15:00,3.9598805079113037
2025-08-12 16:00,4.372176844129515
2025-08-12 17:00,7.954028132548231
2025-08-12 18:00,19.836222903955093
2025-08-12 19:00,13.52127021529757
2025-08-12 20:00,7.60980395899812
2025-08-12 21:00,5.504807081376353
2025-08-12 22:00,8.47806306025239
2025-08-12 23:00,6.9764959335269054
2025-08-13 00:00,16.49137903334288
2025-08-13 01:00,17.838430576604782
2025-08-13 02:00,20.582965857653896
2025-08-13 03:00,20.099329744777616
2025-08-13 04:00,23.107317496626372
2025-08-13 05:00,29.555170585965804
2025-08-13 06:00,32.804453245480126
2025-08-13 07:00,36.229697263045175
2025-08-13 08:00,39.017573453930076
2025-08-13 09:00,41.475571117687636
2025-08-13 10:00,36.0934275053523
2025-08-13 11:00,37.877228001398265
2025-08-13 12:00,37.81585529929733
2025-08-13 13:00,28.489407670303223
2025-08-13 14:00,31.83259510686195
2025-08-13 15:00,32.039314915316545
2025-08-13 16:00,27.71623636650731
2025-08-13 17:00,31.791705962728166
2025-08-13 18:00,24.324564177981298
2025-08-13 19:00,21.537710666598613
2025-08-13 20:00,19.011774055783587
2025-08-13 21:00,18.751026945634326
2025-08-13 22:00,21.647517143907766
2025-08-13 23:00,21.03317155944023
2025-08-14 00:00,28.118506499396968
2025-08-14 01:00,30.540392402703002
2025-08-14 02:00,23.981267079785855
2025-08-14 03:00,23.8305117462974
2025-08-14 04:00,24.85019218849153
2025-08-14 05:00,24.944502485543303
2025-08-14 06:00,23.079559801672538
2025-08-14 07:00,20.89986492130257
2025-08-14 08:00,18.93307281326914
2025-08-14 09:00,15.612919964662186
2025-08-14 10:00,14.905721240762837
2025-08-14 11:00,11.221921845008003
2025-08-14 12:00,12.825497757202063
2025-08-14 13:00,10.62105125652004
2025-08-14 14:00,4.929110015500109
2025-08-14 15:00,2.3551238073439826
2025-08-14 16:00,2.31098142660987
2025-08-14 17:00,0.4992753702152498
2025-08-14 18:00,2.1089554559168144
2025-08-14 19:00,4.421957308940767
2025-08-14 20:00,2.1160496757355856
2025-08-14 21:00,0.9204375515834735
2025-08-14 22:00,7.696271361598634
2025-08-14 23:00,7.371897869538732
2025-08-15 00:00,0.1555599321267116
2025-08-15 01:00,0.9977766508770604
2025-08-15 02:00,0.9766487843333189
2025-08-15 03:00,1.2766228183063852
2025-08-15 04:00,4.000114179114545
2025-08-15 05:00,7.096330008423571
2025-08-15 06:00,3.235987965271359
2025-08-15 07:00,2.8146744354048336
2025-08-15 08:00,2.831942015172561
2025-08-15 09:00,1.0576748863256222
2025-08-15 10:00,1.429607086530959
2025-08-15 11:00,1.0800328375314372
2025-08-15 12:00,1.2337932873867612
2025-08-15 13:00,1.0174604016885653
2025-08-15 14:00,0.0
2025-08-15 15:00,0.0
2025-08-15 16:00,0.0
2025-08-15 17:00,0.29828036093529847
2025-08-15 18:00,0.35957047824772054
2025-08-15 19:00,0.20661087676205503
2025-08-15 20:00,0.09117356173725653
2025-08-15 21:00,0.0
2025-08-15 22:00,0.7120415496599244
2025-08-15 23:00,0.6320348278286864
2025-08-16 00:00,0.3722958708423813
2025-08-16 01:00,1.170519656616499
2025-08-16 02:00,1.1055419386538075
2025-08-16 03:00,0.007985732710074928
2025-08-16 04:00,0.3701340153917673
2025-08-16 05:00,0.6400947592191022
2025-08-16 06:00,0.25366619391382256
2025-08-16 07:00,1.0452744219630947
2025-08-16 08:00,0.4005254677457841
2025-08-16 09:00,0.0
2025-08-16 10:00,0.0
2025-08-16 11:00,0.5486838068209139
2025-08-16 12:00,0.2804808724334636
2025-08-16 13:00,0.0
2025-08-16 14:00,0.0
2025-08-16 15:00,0.0
2025-08-16 16:00,0.09260715028949698
2025-08-16 17:00,0.0
2025-08-16 18:00,0.0
2025-08-16 19:00,0.4197357629725391
2025-08-16 20:00,1.0013586836754538
2025-08-16 21:00,0.4062876135259752
2025-08-16 22:00,2.702347334666398
2025-08-16 23:00,3.9868763746455613
2025-08-17 00:00,1.72693844789153
2025-08-17 01:00,3.4199746522436727
2025-08-17 02:00,3.6856845455305356
2025-08-17 03:00,0.7493283962158224
2025-08-17 04:00,4.971606273629564
2025-08-17 05:00,2.1649521450270313
2025-08-17 06:00,4.078804579662033
2025-08-17 07:00,3.0553654411130275
2025-08-17 08:00,2.9540307812158737
2025-08-17 09:00,1.1028679567373139
2025-08-17 10:00,0.0
2025-08-17 11:00,0.0
2025-08-17 12:00,0.0
2025-08-17 13:00,0.0
2025-08-17 14:00,0.0
2025-08-17 15:00,0.10717992828753535
2025-08-17 16:00,0.0
2025-08-17 17:00,0.0
2025-08-17 18:00,0.0
2025-08-17 19:00,0.017155078254494714
2025-08-17 20:00,0.03621199175512568
2025-08-17 21:00,0.0
2025-08-17 22:00,0.0
2025-08-17 23:00,0.6588207994226895
2025-08-18 00:00,0.6879331321505149
2025-08-18 01:00,0.9192459148607383
2025-08-18 02:00,4.285849424786854
2025-08-18 03:00,7.141745988555101
2025-08-18 04:00,2.0691331342403365
2025-08-18 05:00,1.718042464365358
2025-08-18 06:00,6.14627798306769
2025-08-18 07:00,2.09853586299858
2025-08-18 08:00,2.686895801847093
2025-08-18 09:00,1.1868192350557054
2025-08-18 10:00,1.3091794591172572
2025-08-18 11:00,0.588902008418253
2025-08-18 12:00,0.3050095116085165
2025-08-18 13:00,0.0
2025-08-18 14:00,0.6043224797401451
2025-08-18 15:00,0.3214911565694925
2025-08-18 16:00,0.0
2025-08-18 17:00,0.13382852264118086
2025-08-18 18:00,0.0
2025-08-18 19:00,0.7432114204770657
2025-08-18 20:00,0.11083333620172549
2025-08-18 21:00,0.362850283320779
2025-08-18 22:00,3.797547618099643
2025-08-18 23:00,5.857991761685274
2025-08-19 00:00,8.96809672663521
2025-08-19 01:00,14.552048894247475
2025-08-19 02:00,15.209487355155419
2025-08-19 03:00,14.383191820152984
2025-08-19 04:00,12.435120093150076
2025-08-19 05:00,13.065798151757363
2025-08-19 06:00,3.7794133769933187
2025-08-19 07:00,4.697536788728113
2025-08-19 08:00,5.073395477967293
2025-08-19 09:00,9.63895807355051
2025-08-19 10:00,3.6606530470417673
2025-08-19 11:00,2.1242655587144474
2025-08-19 12:00,1.4513955040907327
2025-08-19 13:00,2.5849542527588674
2025-08-19 14:00,2.092202395211655
2025-08-19 15:00,2.3088754800072495
2025-08-19 16:00,0.6145416016509728
2025-08-19 17:00,0.06791508778869383
2025-08-19 18:00,0.8708229407002149
2025-08-19 19:00,2.3342015669506786
2025-08-19 20:00,2.9482045488616
2025-08-19 21:00,6.194721327350112
2025-08-19 22:00,4.58403841558439
2025-08-19 23:00,1.1845394621610326
2025-08-20 00:00,8.982979993132894
2025-08-20 01:00,11.440516672470478
2025-08-20 02:00,9.939756436864737
2025-08-20 03:00,4.30241133404287
2025-08-20 04:00,15.09770901912142
2025-08-20 05:00,4.5295286913609445
2025-08-20 06:00,5.302896197545246
2025-08-20 07:00,5.593498544651906
2025-08-20 08:00,7.206872843979251
2025-08-20 09:00,7.861332749821547
2025-08-20 10:00,3.340841102191966
2025-08-20 11:00,3.354166755179356
2025-08-20 12:00,4.9179424158984135
2025-08-20 13:00,4.945023626761418
2025-08-20 14:00,3.1341422715191882
2025-08-20 15:00,0.0
2025-08-20 16:00,0.0
2025-08-20 17:00,0.0
2025-08-20 18:00,0.0
2025-08-20 19:00,0.0865235615374017
2025-08-20 20:00,0.07842050481362245
2025-08-20 21:00,0.06333326175814236
2025-08-20 22:00,0.7228729036318083
2025-08-20 23:00,0.3836944846463266
2025-08-21 00:00,1.3438311132127587
2025-08-21 01:00,2.7313943167493293
2025-08-21 02:00,3.2205353572073885
2025-08-21 03:00,2.9336596659867693
2025-08-21 04:00,1.1195633626351562
2025-08-21 05:00,0.6987234063708837
2025-08-21 06:00,0.842248837434504
2025-08-21 07:00,0.01663436106011212
2025-08-21 08:00,0.03216062458170064
2025-08-21 09:00,0.32495936864785485
2025-08-21 10:00,0.08135046387501417
2025-08-21 11:00,0.0
2025-08-21 12:00,0.0
2025-08-21 13:00,0.0016989674128891714
2025-08-21 14:00,0.0
2025-08-21 15:00,1.3934825924182004
2025-08-21 16:00,0.30986380466077507
2025-08-21 17:00,0.3794764860175977
2025-08-21 18:00,0.03725693533948611
2025-08-21 19:00,0.16819033412966858
2025-08-21 20:00,0.20995962817211755
2025-08-21 21:00,0.45410238517446555
2025-08-21 22:00,0.0
2025-08-21 23:00,0.21303373218478405
2025-08-22 00:00,0.53438049276266
2025-08-22 01:00,0.35891088510226166
2025-08-22 02:00,0.39072372395606614
2025-08-22 03:00,0.8828814561698652
2025-08-22 04:00,0.02591770266682594
2025-08-22 05:00,0.5125610295448166
2025-08-22 06:00,0.2577578232610713
2025-08-22 07:00,0.2241258415686696
2025-08-22 08:00,0.5052568851453291
2025-08-22 09:00,0.0
2025-08-22 10:00,0.0
2025-08-22 11:00,0.0
2025-08-22 12:00,0.13873506234321045
2025-08-22 13:00,0.11454886845874282
2025-08-22 14:00,0.13253980806287355
2025-08-22 15:00,0.35295695556621437
2025-08-22 16:00,0.024672820707420797
2025-08-22 17:00,0.0
2025-08-22 18:00,0.0
2025-08-22 19:00,0.0
2025-08-22 20:00,0.06233273364428241
2025-08-22 21:00,0.4359758281513647
2025-08-22 22:00,1.831155145019547
2025-08-22 23:00,2.15652221174391
2025-08-23 00:00,0.2568413040863413
2025-08-23 01:00,1.0004760288970773
2025-08-23 02:00,1.2177969648945106
2025-08-23 03:00,0.27340377854418624
2025-08-23 04:00,1.5528786856139263
2025-08-23 05:00,1.474824336551492
2025-08-23 06:00,3.086933217663804
2025-08-23 07:00,0.7357100634539114
2025-08-23 08:00,0.9302807551290343
2025-08-23 09:00,0.0
2025-08-23 10:00,0.0
2025-08-23 11:00,0.0
2025-08-23 12:00,0.0
2025-08-23 13:00,0.0
2025-08-23 14:00,0.23075587214696533
2025-08-23 15:00,0.19152250000580837
2025-08-23 16:00,0.34348746097891164
2025-08-23 17:00,0.0
2025-08-23 18:00,0.0051960563317991265
2025-08-23 19:00,0.0
2025-08-23 20:00,0.1299666320333807
2025-08-23 21:00,0.0
2025-08-23 22:00,0.007694338082554812
2025-08-23 23:00,0.0
2025-08-24 00:00,1.702891515641072
2025-08-24 01:00,1.8983437887799752
2025-08-24 02:00,0.0
2025-08-24 03:00,0.8058702385213357
2025-08-24 04:00,1.4228721800561779
2025-08-24 05:00,1.8521761080358787
2025-08-24 06:00,1.9070130707136996
2025-08-24 07:00,1.7945130998913965
2025-08-24 08:00,2.0166519078976544
2025-08-24 09:00,0.0
2025-08-24 10:00,0.0
2025-08-24 11:00,0.0
2025-08-24 12:00,2.752481225525636
2025-08-24 13:00,3.092516193657095
2025-08-24 14:00,0.0
2025-08-24 15:00,0.0
2025-08-24 16:00,0.0
2025-08-24 17:00,0.0
2025-08-24 18:00,0.0
2025-08-24 19:00,0.0
2025-08-24 20:00,0.07209422187251183
2025-08-24 21:00,0.06625922896221238
2025-08-24 22:00,0.8208766045791348
2025-08-24 23:00,1.7707625738871813
2025-08-25 00:00,4.518236828508707
2025-08-25 01:00,2.011336764435989
2025-08-25 02:00,2.8374327100574734
2025-08-25 03:00,1.1288588789084886
2025-08-25 04:00,3.519155791884321
2025-08-25 05:00,4.178917536565118
2025-08-25 06:00,3.0168282923305103
2025-08-25 07:00,2.5961138103060697
2025-08-25 08:00,2.1821637119833337
2025-08-25 09:00,10.730861017119775
2025-08-25 10:00,4.8649384510749405
2025-08-25 11:00,5.384362050655861
2025-08-25 12:00,2.003563266998346
2025-08-25 13:00,4.1619629795797115
2025-08-25 14:00,10.299901341492921
2025-08-25 15:00,9.69365557780182
2025-08-25 16:00,7.812423142038506
2025-08-25 17:00,5.32077466132927
2025-08-25 18:00,9.863898703025708
2025-08-25 19:00,13.268101756955469
2025-08-25 20:00,14.89802996603418
2025-08-25 21:00,19.715271824939386
2025-08-25 22:00,20.102861376954237
2025-08-25 23:00,21.345314692454117
2025-08-26 00:00,25.367926200484966
2025-08-26 01:00,28.468452046145636
2025-08-26 02:00,32.672798230693694
2025-08-26 03:00,31.733698301842324
2025-08-26 04:00,30.45915402820533
2025-08-26 05:00,32.68385918111602
2025-08-26 06:00,26.078216680635286
2025-08-26 07:00,25.30450564618281
2025-08-26 08:00,26.618707367890824
2025-08-26 09:00,25.06444452268856
2025-08-26 10:00,18.50712636494962
2025-08-26 11:00,26.561302599734397
2025-08-26 12:00,7.6144136107037035
2025-08-26 13:00,12.133087133598597
2025-08-26 14:00,10.034824291327146
2025-08-26 15:00,11.632178255123387
2025-08-26 16:00,1.9231210434868766
2025-08-26 17:00,0.07925878905733856
2025-08-26 18:00,0.8818797438498281
2025-08-26 19:00,2.4780104485076397
2025-08-26 20:00,1.0431655453933435
2025-08-26 21:00,0.39609137485837864
2025-08-26 22:00,0.46086800188905375
2025-08-26 23:00,0.9105907152460089
2025-08-27 00:00,0.5533319758096001
2025-08-27 01:00,1.1394766849862499
2025-08-27 02:00,0.7038970870059033
2025-08-27 03:00,0.1283649108627083
2025-08-27 04:00,0.0
2025-08-27 05:00,0.0
2025-08-27 06:00,1.5963594585282899
2025-08-27 07:00,0.6461678754672401
2025-08-27 08:00,0.6948006108758071
2025-08-27 09:00,0.0
2025-08-27 10:00,0.0
2025-08-27 11:00,0.0
2025-08-27 12:00,0.0
2025-08-27 13:00,0.0
2025-08-27 14:00,0.2227295309864297
2025-08-27 15:00,0.16314338445461904
2025-08-27 16:00,0.0
2025-08-27 17:00,0.0
2025-08-27 18:00,0.0
2025-08-27 19:00,0.0
2025-08-27 20:00,0.0
2025-08-27 21:00,0.0
2025-08-27 22:00,0.04436842882041961
2025-08-27 23:00,0.0
2025-08-28 00:00,0.0
2025-08-28 01:00,0.9133866246767591
2025-08-28 02:00,3.3792125368126533
2025-08-28 03:00,3.1854568256772176
2025-08-28 04:00,5.360238247467279
2025-08-28 05:00,7.730913917957634
2025-08-28 06:00,10.122726578539252
2025-08-28 07:00,7.171211525301951
2025-08-28 08:00,2.899727566874508
2025-08-28 09:00,8.457448582513013
2025-08-28 10:00,8.986195100116145
2025-08-28 11:00,8.104511152605951
2025-08-28 12:00,6.153614952392619
2025-08-28 13:00,8.801959953695413
2025-08-28 14:00,10.867168591932225
2025-08-28 15:00,3.0889460515391787
2025-08-28 16:00,11.14684659878562
2025-08-28 17:00,10.649146792807414
2025-08-28 18:00,16.505693158244316
2025-08-28 19:00,9.076697398190818
2025-08-28 20:00,9.981587917847746
2025-08-28 21:00,10.71416964308181
2025-08-28 22:00,11.89178902505857
2025-08-28 23:00,17.05060966150861
2025-08-29 00:00,20.34840608355708
2025-08-29 01:00,21.136942085881277
2025-08-29 02:00,19.364425395517703
2025-08-29 03:00,21.398112598894404
2025-08-29 04:00,20.64266456831132
2025-08-29 05:00,18.639076863048636
2025-08-29 06:00,12.794509298405584
2025-08-29 07:00,6.439095083899703
2025-08-29 08:00,12.170635177387503
2025-08-29 09:00,4.0774350755081885
2025-08-29 10:00,2.8398957695428475
2025-08-29 11:00,2.9429800973800835
2025-08-29 12:00,5.562198936099655
2025-08-29 13:00,0.8951467542524649
2025-08-29 14:00,0.0
2025-08-29 15:00,0.3697206718505795
2025-08-29 16:00,0.0
2025-08-29 17:00,0.08554824195742242
2025-08-29 18:00,0.7812099884369464
2025-08-29 19:00,1.0891853593900873
2025-08-29 20:00,0.4212181600634706
2025-08-29 21:00,3.901791635462416
2025-08-29 22:00,7.5433304317579495
2025-08-29 23:00,7.830296769360873
2025-08-30 00:00,5.366206188394389
2025-08-30 01:00,6.177731261558902
2025-08-30 02:00,3.8076738663853624
2025-08-30 03:00,3.4941889578131664
2025-08-30 04:00,6.060392753993675
2025-08-30 05:00,5.827541149906042
2025-08-30 06:00,6.730008962017997
2025-08-30 07:00,3.24185472458206
2025-08-30 08:00,3.705066758257211
2025-08-30 09:00,1.8597831410962777
2025-08-30 10:00,1.0611883715545507
2025-08-30 11:00,2.0727057994690363
2025-08-30 12:00,0.1173340044580726
2025-08-30 13:00,0.0
2025-08-30 14:00,0.0
2025-08-30 15:00,0.09356497439909836
2025-08-30 16:00,0.0
2025-08-30 17:00,0.0
2025-08-30 18:00,0.0
2025-08-30 19:00,0.0
2025-08-30 20:00,0.042793812757627975
2025-08-30 21:00,0.13289513216265664
2025-08-30 22:00,0.5629072325760844
2025-08-30 23:00,0.0
2025-08-31 00:00,0.3303735720854241
2025-08-31 01:00,0.932035431247103
2025-08-31 02:00,1.061263331666824
2025-08-31 03:00,0.0976553595295409
2025-08-31 04:00,0.5462691970713855
2025-08-31 05:00,3.0924786042809624
2025-08-31 06:00,9.409450643760286
2025-08-31 07:00,3.552439408481111
2025-08-31 08:00,2.997364360881402
2025-08-31 09:00,0.0
2025-08-31 10:00,0.0
2025-08-31 11:00,0.0
2025-08-31 12:00,7.855917919786869
2025-08-31 13:00,3.3535959011122216
2025-08-31 14:00,1.6718495751588485
2025-08-31 15:00,8.147646748816102
2025-08-31 16:00,9.46507168195909
2025-08-31 17:00,5.56064003032055
2025-08-31 18:00,3.6835163708787917
2025-08-31 19:00,5.39526942459921
2025-08-31 20:00,9.408498200271596
2025-08-31 21:00,14.175838242648272
2025-08-31 22:00,19.231480139838954
2025-08-31 23:00,23.560228484196042
2025-09-01 00:00,4.30089455627232
2025-09-01 01:00,13.245155014692497
2025-09-01 02:00,17.189903892845013
2025-09-01 03:00,5.385796274426238
2025-09-01 04:00,5.878217310402374
2025-09-01 05:00,10.550150567056697
2025-09-01 06:00,19.7888617740109
2025-09-01 07:00,19.30182476272878
2025-09-01 08:00,25.350676510341867
2025-09-01 09:00,23.584968902367326
2025-09-01 10:00,23.90253485061115
2025-09-01 11:00,18.183713206555684
2025-09-01 12:00,18.65068523044609
2025-09-01 13:00,24.391239361838352
2025-09-01 14:00,33.026039405792886
2025-09-01 15:00,23.488588189381776
2025-09-01 16:00,23.501938247867113
2025-09-01 17:00,26.421555316346822
2025-09-01 18:00,17.361119205370297
2025-09-01 19:00,10.633755500584416
2025-09-01 20:00,14.979205708549028
2025-09-01 21:00,7.909301291085145
2025-09-01 22:00,15.006323282994606
2025-09-01 23:00,3.5699741621399
2025-09-02 00:00,1.1008410556837984
2025-09-02 01:00,0.11843724169627713
2025-09-02 02:00,3.0241699251447693
2025-09-02 03:00,3.025058705864417
2025-09-02 04:00,0.6453746917568811
2025-09-02 05:00,0.9755955288213752
2025-09-02 06:00,0.29103357608898384
2025-09-02 07:00,0.0
2025-09-02 08:00,0.0
2025-09-02 09:00,0.0
2025-09-02 10:00,0.0
2025-09-02 11:00,0.0
2025-09-02 12:00,0.0
2025-09-02 13:00,0.0
2025-09-02 14:00,0.7995803498095091
2025-09-02 15:00,0.5920139323386872
2025-09-02 16:00,0.0
2025-09-02 17:00,0.0
2025-09-02 18:00,0.0
2025-09-02 19:00,0.0
2025-09-02 20:00,0.0
2025-09-02 21:00,0.0
2025-09-02 22:00,0.0
2025-09-02 23:00,0.0
2025-09-03 00:00,0.0
2025-09-03 01:00,0.0
2025-09-03 02:00,0.14560172626255258
2025-09-03 03:00,0.1250591769263252
2025-09-03 04:00,0.21369231439518163
2025-09-03 05:00,0.9747087614072961
2025-09-03 06:00,0.0
2025-09-03 07:00,0.1522091918946771
2025-09-03 08:00,0.45752613681502136
2025-09-03 09:00,0.0
2025-09-03 10:00,0.0
2025-09-03 11:00,0.0
2025-09-03 12:00,0.0
2025-09-03 13:00,0.008681210783467366
2025-09-03 14:00,0.0
2025-09-03 15:00,0.0
2025-09-03 16:00,0.26253742516820905
2025-09-03 17:00,0.19179396733818724
2025-09-03 18:00,0.1340679951585871
2025-09-03 19:00,0.1474110183903337
2025-09-03 20:00,0.5577312419027637
2025-09-03 21:00,0.6499894121113035
2025-09-03 22:00,0.0
2025-09-03 23:00,0.1477678799449284
2025-09-04 00:00,0.0
2025-09-04 01:00,0.0
2025-09-04 02:00,0.38522507024860486
2025-09-04 03:00,0.11282981337018969
2025-09-04 04:00,0.3317108868546656
2025-09-04 05:00,0.36607102803110697
2025-09-04 06:00,1.116035205578783
2025-09-04 07:00,0.705982394814238
2025-09-04 08:00,0.0
2025-09-04 09:00,0.3820795098872023
2025-09-04 10:00,0.18515504908765332
2025-09-04 11:00,0.6268112055157528
2025-09-04 12:00,0.8238570645692375
2025-09-04 13:00,0.30916959834625285
2025-09-04 14:00,3.6332777212995597
2025-09-04 15:00,6.176926903521436
2025-09-04 16:00,3.740764321806865
2025-09-04 17:00,4.432486231623123
2025-09-04 18:00,3.5452436843463313
2025-09-04 19:00,4.819507644787022
2025-09-04 20:00,2.3284787507114513
2025-09-04 21:00,2.5684166492701346
2025-09-04 22:00,2.0395043520745944
2025-09-04 23:00,1.7028883413723717
2025-09-05 00:00,0.490314598446491
2025-09-05 01:00,0.19590071099239445
2025-09-05 02:00,0.5720143995794363
2025-09-05 03:00,0.6310651386758971
2025-09-05 04:00,1.079722481442226
2025-09-05 05:00,0.8394013376258241
2025-09-05 06:00,0.8839393546163512
2025-09-05 07:00,0.4332393923857745
2025-09-05 08:00,0.42889452045446125
2025-09-05 09:00,0.0
2025-09-05 10:00,0.0
2025-09-05 11:00,0.0
2025-09-05 12:00,0.0
2025-09-05 13:00,0.053825059194953395
2025-09-05 14:00,0.00342596984294503
2025-09-05 15:00,1.5474292563950225
2025-09-05 16:00,0.31008350703499993
2025-09-05 17:00,0.0
2025-09-05 18:00,0.0
2025-09-05 19:00,0.0
2025-09-05 20:00,0.43243321609194646
2025-09-05 21:00,1.2643860484434575
2025-09-05 22:00,0.14842715745972962
2025-09-05 23:00,3.781794356367695
2025-09-06 00:00,6.5100737539953535
2025-09-06 01:00,14.463369714948705
2025-09-06 02:00,6.4413612864867025
2025-09-06 03:00,8.934199088152635
2025-09-06 04:00,16.85694417152226
2025-09-06 05:00,5.2993232523441565
2025-09-06 06:00,4.984165422000795
2025-09-06 07:00,21.722748231236622
2025-09-06 08:00,22.970875324013374
2025-09-06 09:00,33.38049746546582
2025-09-06 10:00,31.84494987641221
2025-09-06 11:00,14.372975638185284
2025-09-06 12:00,24.1029199066661
2025-09-06 13:00,27.42395336845608
2025-09-06 14:00,15.076001049855732
2025-09-06 15:00,15.668494083126465
2025-09-06 16:00,19.22415133499002
2025-09-06 17:00,24.822401920648176
2025-09-06 18:00,18.930824807403244
2025-09-06 19:00,20.962941867486386
2025-09-06 20:00,23.29012344481154
2025-09-06 21:00,21.106405625110412
2025-09-06 22:00,26.775996037435046
2025-09-06 23:00,19.207990470601093
2025-09-07 00:00,24.754849878026633
2025-09-07 01:00,16.1406433019732
2025-09-07 02:00,27.827707995515702
2025-09-07 03:00,19.278044549659224
2025-09-07 04:00,16.386429724671153
2025-09-07 05:00,12.092284729099356
2025-09-07 06:00,2.193468061001978
2025-09-07 07:00,1.2617644442892038
2025-09-07 08:00,2.351833016198698
2025-09-07 09:00,0.36085180219160107
2025-09-07 10:00,1.4447828823527924
2025-09-07 11:00,0.6934655641391634
2025-09-07 12:00,3.133942501237682
2025-09-07 13:00,0.5318770842462872
2025-09-07 14:00,0.07884376851535435
2025-09-07 15:00,0.9957747757934495
2025-09-07 16:00,0.6443302770032225
2025-09-07 17:00,0.2640721140574654
2025-09-07 18:00,0.5017097367015914
2025-09-07 19:00,0.5080667582093291
2025-09-07 20:00,0.0
2025-09-07 21:00,0.0
2025-09-07 22:00,0.0
2025-09-07 23:00,0.03359234088400075
2025-09-08 00:00,0.44464714060819954
2025-09-08 01:00,0.25627851808731905
2025-09-08 02:00,0.0
2025-09-08 03:00,0.38072900779535096
2025-09-08 04:00,0.0
2025-09-08 05:00,0.0
2025-09-08 06:00,0.251756960564876
2025-09-08 07:00,0.0
2025-09-08 08:00,0.0
2025-09-08 09:00,0.0
2025-09-08 10:00,0.0
2025-09-08 11:00,0.0
2025-09-08 12:00,0.0
2025-09-08 13:00,3.041911274427982
2025-09-08 14:00,6.562711379024207
2025-09-08 15:00,1.379016999881158
2025-09-08 16:00,0.0
2025-09-08 17:00,0.0
2025-09-08 18:00,0.0
2025-09-08 19:00,0.0489422264521163
2025-09-08 20:00,0.3189631816371322
2025-09-08 21:00,0.24657203612092815
2025-09-08 22:00,0.0
2025-09-08 23:00,1.1391452191031777
2025-09-09 00:00,1.0472216111820702
2025-09-09 01:00,2.2767440713013123
2025-09-09 02:00,2.771066965788888
2025-09-09 03:00,1.2527341017903422
2025-09-09 04:00,0.9631784016854554
2025-09-09 05:00,0.8751205485174107
2025-09-09 06:00,0.5531861979670906
2025-09-09 07:00,0.8612819180661424
2025-09-09 08:00,5.142452209751522
2025-09-09 09:00,0.42848132462378424
2025-09-09 10:00,0.804541999920988
2025-09-09 11:00,3.113593004736722
2025-09-09 12:00,5.295890435702038
2025-09-09 13:00,3.247456615780559
2025-09-09 14:00,4.668475405374972
2025-09-09 15:00,2.1108644097034746
2025-09-09 16:00,5.177977527295399
2025-09-09 17:00,18.874337509548745
2025-09-09 18:00,1.0845635212018336
2025-09-09 19:00,1.1136252237297222
2025-09-09 20:00,0.023969335612974988
2025-09-09 21:00,0.1502865971899274
2025-09-09 22:00,0.8663595513229622
2025-09-09 23:00,1.2137654605977408
2025-09-10 00:00,2.0758284328433456
2025-09-10 01:00,2.627573888801819
2025-09-10 02:00,4.2891001910175595
2025-09-10 03:00,8.506884916926094
2025-09-10 04:00,9.599665086797078
2025-09-10 05:00,6.228000915202959
2025-09-10 06:00,5.349028402546885
2025-09-10 07:00,2.946922023889794
2025-09-10 08:00,3.6384705102823696
2025-09-10 09:00,3.139045041263103
2025-09-10 10:00,2.107768137352829
2025-09-10 11:00,4.277082064198919
2025-09-10 12:00,0.5795987531904836
2025-09-10 13:00,3.519957082091333
2025-09-10 14:00,1.870118548084196
2025-09-10 15:00,1.5955555238515442
2025-09-10 16:00,1.676972724898648
2025-09-10 17:00,5.3020049658953
2025-09-10 18:00,2.068768926050938
2025-09-10 19:00,4.6458139060092565
2025-09-10 20:00,4.981830141154083
2025-09-10 21:00,5.501677788247477
2025-09-10 22:00,2.8715227990221366
2025-09-10 23:00,3.572028993010768
2025-09-11 00:00,0.8918926677266612
2025-09-11 01:00,0.42204237707592585
2025-09-11 02:00,0.9015171437040043
2025-09-11 03:00,1.2932978346856574
2025-09-11 04:00,1.7728859666832006
2025-09-11 05:00,1.8270753743822996
2025-09-11 06:00,3.669814647876658
2025-09-11 07:00,3.585770436502234
2025-09-11 08:00,3.1986415149681267
2025-09-11 09:00,1.733873150438596
2025-09-11 10:00,0.37906756536555175
2025-09-11 11:00,0.2239505670908646
2025-09-11 12:00,0.0
2025-09-11 13:00,0.0
2025-09-11 14:00,0.0
2025-09-11 15:00,0.0
2025-09-11 16:00,0.0
2025-09-11 17:00,2.336538549537005
2025-09-11 18:00,3.6987064424624867
2025-09-11 19:00,0.4360895774686977
2025-09-11 20:00,1.8339184707345653
2025-09-11 21:00,1.9524784423863342
2025-09-11 22:00,0.0
2025-09-11 23:00,0.15380902472753796
2025-09-12 00:00,0.0
2025-09-12 01:00,0.3216475626097022
2025-09-12 02:00,1.0780746641126597
2025-09-12 03:00,1.4832613113584379
2025-09-12 04:00,1.6480894897270753
2025-09-12 05:00,1.9263753385296416
2025-09-12 06:00,2.2575102715487487
2025-09-12 07:00,3.098458572008205
2025-09-12 08:00,1.0675777746573554
2025-09-12 09:00,1.0029721767718154
2025-09-12 10:00,1.17482141761994
2025-09-12 11:00,1.2863668884944583
2025-09-12 12:00,1.1234728628876078
2025-09-12 13:00,2.15005534399087
2025-09-12 14:00,1.4933645856047284
2025-09-12 15:00,1.9356590741873003
2025-09-12 16:00,3.051445602498367
2025-09-12 17:00,3.2126727105379405
2025-09-12 18:00,3.3812136804673636
2025-09-12 19:00,4.412753837904052
2025-09-12 20:00,0.6471657753011129
2025-09-12 21:00,0.8102815490509686
2025-09-12 22:00,1.9208946045605504
2025-09-12 23:00,2.3136481826000694
2025-09-13 00:00,29.53535022091214
2025-09-13 01:00,37.137468959652054
2025-09-13 02:00,37.32975703057065
2025-09-13 03:00,49.37078760771852
2025-09-13 04:00,51.15394664121769
2025-09-13 05:00,50.738561596382816
2025-09-13 06:00,50.949326798485714
2025-09-13 07:00,51.30125168784437
2025-09-13 08:00,51.96256254164789
2025-09-13 09:00,52.391452856981005
2025-09-13 10:00,35.579031296017234
2025-09-13 11:00,23.933114864377323
2025-09-13 12:00,14.475692390327865
2025-09-13 13:00,0.7239228181991529
2025-09-13 14:00,1.6214239798040702
2025-09-13 15:00,0.7273653172665624
2025-09-13 16:00,0.3090660595612803
2025-09-13 17:00,0.0
2025-09-13 18:00,0.0
2025-09-13 19:00,0.0
2025-09-13 20:00,0.0
2025-09-13 21:00,1.1884765792274197
2025-09-13 22:00,0.43108876332192325
2025-09-13 23:00,2.1873449416162467
2025-09-14 00:00,3.226363198651122
2025-09-14 01:00,4.2167170589818985
2025-09-14 02:00,1.895996910683834
2025-09-14 03:00,7.249442929018041
2025-09-14 04:00,9.343299625841832
2025-09-14 05:00,3.735257461556694
2025-09-14 06:00,7.667253687302502
2025-09-14 07:00,1.5905513051133995
2025-09-14 08:00,2.092853942301424
2025-09-14 09:00,1.3964084206588567
2025-09-14 10:00,0.40007073111884517
2025-09-14 11:00,0.0
2025-09-14 12:00,0.0
2025-09-14 13:00,0.0
2025-09-14 14:00,0.0
2025-09-14 15:00,0.0
2025-09-14 16:00,0.0
2025-09-14 17:00,0.0
2025-09-14 18:00,0.0
2025-09-14 19:00,0.0
2025-09-14 20:00,0.0
2025-09-14 21:00,3.570621435940017
2025-09-14 22:00,1.7888635937135033
2025-09-14 23:00,0.0
2025-09-15 00:00,0.2560042367724799
2025-09-15 01:00,0.0
2025-09-15 02:00,0.005321662641159856
2025-09-15 03:00,0.08239403169295823
2025-09-15 04:00,0.028455144877816887
2025-09-15 05:00,0.0
2025-09-15 06:00,0.0
2025-09-15 07:00,0.14550027822558712
2025-09-15 08:00,0.0
2025-09-15 09:00,0.0
2025-09-15 10:00,0.0
2025-09-15 11:00,0.0
2025-09-15 12:00,0.0
2025-09-15 13:00,0.0
2025-09-15 14:00,0.0
2025-09-15 15:00,0.0
2025-09-15 16:00,0.0
2025-09-15 17:00,0.0
2025-09-15 18:00,0.0
2025-09-15 19:00,0.05728375264660759
2025-09-15 20:00,0.0
2025-09-15 21:00,0.0
2025-09-15 22:00,1.0648611520183346
2025-09-15 23:00,0.0
2025-09-16 00:00,0.5683473606173535
2025-09-16 01:00,2.441935492271462
2025-09-16 02:00,2.07801337316392
2025-09-16 03:00,0.8999442904858407
2025-09-16 04:00,0.7180857699765959
2025-09-16 05:00,2.061123275096835
2025-09-16 06:00,2.1340078597964953
2025-09-16 07:00,2.9982803559165556
2025-09-16 08:00,3.010837884346682
2025-09-16 09:00,8.42880239459246
2025-09-16 10:00,1.022248300250626
2025-09-16 11:00,2.59801852107311
2025-09-16 12:00,0.849500576106049
2025-09-16 13:00,5.8328528177195915
2025-09-16 14:00,5.953964339162829
2025-09-16 15:00,9.366704838589927
2025-09-16 16:00,17.277144129343245
2025-09-16 17:00,14.081638286431472
2025-09-16 18:00,20.61512832566268
2025-09-16 19:00,18.7392874819313
2025-09-16 20:00,27.734415260907696
2025-09-16 21:00,10.051391125655586
2025-09-16 22:00,9.787129652437116
2025-09-16 23:00,16.992928897543983
2025-09-17 00:00,35.19572368596765
2025-09-17 01:00,34.08851292191494
2025-09-17 02:00,34.45002265421155
2025-09-17 03:00,34.461570118330854
2025-09-17 04:00,27.40346239506894
2025-09-17 05:00,18.337830362292923
2025-09-17 06:00,14.97358634360723
2025-09-17 07:00,16.11753690394651
2025-09-17 08:00,22.51794757719459
2025-09-17 09:00,30.31180204888967
2025-09-17 10:00,26.195167487735084
2025-09-17 11:00,30.892392741454888
2025-09-17 12:00,28.46829597178436
2025-09-17 13:00,17.198271898798648
2025-09-17 14:00,18.976770723431546
2025-09-17 15:00,16.11162771366703
2025-09-17 16:00,3.616482898302905
2025-09-17 17:00,5.637242609398378
2025-09-17 18:00,7.66430470186553
2025-09-17 19:00,12.649794960639952
2025-09-17 20:00,6.777047466412116
2025-09-17 21:00,4.2654832612610605
2025-09-17 22:00,6.047232717226615
2025-09-17 23:00,4.013628500215516
2025-09-18 00:00,3.9104761584109213
2025-09-18 01:00,3.4614601588947416
2025-09-18 02:00,1.744516766869132
2025-09-18 03:00,1.9085491089033237
2025-09-18 04:00,5.2697952593545585
2025-09-18 05:00,6.065483842315671
2025-09-18 06:00,4.4958808655096725
2025-09-18 07:00,3.6381585128322707
2025-09-18 08:00,3.0516693363831013
2025-09-18 09:00,2.8532417273841024
2025-09-18 10:00,1.8701241136710858
2025-09-18 11:00,1.4139150898570152
2025-09-18 12:00,0.6388478840665291
2025-09-18 13:00,0.31167716614514135
2025-09-18 14:00,0.08292943146168011
2025-09-18 15:00,0.0
2025-09-18 16:00,0.0
2025-09-18 17:00,0.0
2025-09-18 18:00,0.0
2025-09-18 19:00,0.0
2025-09-18 20:00,0.0
2025-09-18 21:00,0.0
2025-09-18 22:00,0.7039235858006214
2025-09-18 23:00,0.6317255723895366
2025-09-19 00:00,0.2585523444711312
2025-09-19 01:00,0.9839588077273583
2025-09-19 02:00,1.2331236120617883
2025-09-19 03:00,1.2578178953391772
2025-09-19 04:00,1.1990946255305923
2025-09-19 05:00,1.9071635554239845
2025-09-19 06:00,1.111294674526623
2025-09-19 07:00,2.234767547444303
2025-09-19 08:00,1.9205012814922222
2025-09-19 09:00,0.9414023825427428
2025-09-19 10:00,0.0
2025-09-19 11:00,0.19281251349319586
2025-09-19 12:00,0.9257756617186599
2025-09-19 13:00,2.808567302246725
2025-09-19 14:00,3.5205370091560106
2025-09-19 15:00,0.9774201023373041
2025-09-19 16:00,0.4177071304116048
2025-09-19 17:00,1.8270542120491757
2025-09-19 18:00,4.308545984472578
2025-09-19 19:00,6.67968860706989
2025-09-19 20:00,3.2472796940251083
2025-09-19 21:00,10.421514792167358
2025-09-19 22:00,16.37623155992242
2025-09-19 23:00,8.389220592105275
2025-09-20 00:00,25.90889247902344
2025-09-20 01:00,40.98906361826887
2025-09-20 02:00,40.371928123569504
2025-09-20 03:00,50.22234507973404
2025-09-20 04:00,54.74720780639686
2025-09-20 05:00,53.305123860332905
2025-09-20 06:00,38.272425567874166
2025-09-20 07:00,8.300906516588269
2025-09-20 08:00,3.233263257561203
2025-09-20 09:00,8.251363537979692
2025-09-20 10:00,14.834885392629035
2025-09-20 11:00,13.64967852425221
2025-09-20 12:00,4.724438094080875
2025-09-20 13:00,12.1124844345763
2025-09-20 14:00,18.72166086721408
2025-09-20 15:00,10.948613382550715
2025-09-20 16:00,22.443592620606328
2025-09-20 17:00,21.11636011085026
2025-09-20 18:00,15.101179111831376
2025-09-20 19:00,4.298773473362423
2025-09-20 20:00,4.23925219551702
2025-09-20 21:00,3.846460581854848
2025-09-20 22:00,3.152941183870669
2025-09-20 23:00,2.9916950370682085
2025-09-21 00:00,1.6547198002911574
2025-09-21 01:00,2.2914672669267273
2025-09-21 02:00,2.9740249260194203
2025-09-21 03:00,4.0492870836029065
2025-09-21 04:00,4.39008903675541
2025-09-21 05:00,2.8000733242490443
2025-09-21 06:00,2.902994075999076
2025-09-21 07:00,4.22903241272415
2025-09-21 08:00,9.174033914967541
2025-09-21 09:00,10.59001163676971
2025-09-21 10:00,4.914356647983386
2025-09-21 11:00,4.198728589419015
2025-09-21 12:00,3.982250809408538
2025-09-21 13:00,4.381030830965849
2025-09-21 14:00,7.405176322491624
2025-09-21 15:00,6.592880379246192
2025-09-21 16:00,8.556086579705795
2025-09-21 17:00,9.509135497852059
2025-09-21 18:00,8.447450317732292
2025-09-21 19:00,4.556270779440841
2025-09-21 20:00,2.40302215735792
2025-09-21 21:00,3.291221057839009
2025-09-21 22:00,3.7008209526811893
2025-09-21 23:00,1.3480563916937103
2025-09-22 00:00,2.690655054986203
2025-09-22 01:00,1.9930749733223863
2025-09-22 02:00,2.1806984815812664
2025-09-22 03:00,1.4185387789034043
2025-09-22 04:00,2.2010414895291586
2025-09-22 05:00,2.807054400840789
2025-09-22 06:00,3.2834215112735166
2025-09-22 07:00,3.3293549726825082
2025-09-22 08:00,1.5465088918089733
2025-09-22 09:00,0.8880106660555622
2025-09-22 10:00,0.0
2025-09-22 11:00,0.06551656262484444
2025-09-22 12:00,0.0
2025-09-22 13:00,0.0
2025-09-22 14:00,0.055186617272174984
2025-09-22 15:00,0.0
2025-09-22 16:00,1.2235000401269323
2025-09-22 17:00,3.251419160801834
2025-09-22 18:00,4.200195801773072
2025-09-22 19:00,0.0
2025-09-22 20:00,0.2534341462016242
2025-09-22 21:00,0.11279326423206239
2025-09-22 22:00,1.0178690313771133
2025-09-22 23:00,2.647320768371883
2025-09-23 00:00,1.4257962729679683
2025-09-23 01:00,1.9353322675215385
2025-09-23 02:00,2.770948844827928
2025-09-23 03:00,4.03555678290918
2025-09-23 04:00,3.2148231408055077
2025-09-23 05:00,2.7005032297423193
2025-09-23 06:00,1.183511465554194
2025-09-23 07:00,1.9658994031245969
2025-09-23 08:00,2.445034091731007
2025-09-23 09:00,2.756855596447899
2025-09-23 10:00,1.9429618254697258
2025-09-23 11:00,0.6958890167581047
2025-09-23 12:00,0.0
2025-09-23 13:00,0.17317895600962716
2025-09-23 14:00,1.0282144133024544
2025-09-23 15:00,0.8614530696687859
2025-09-23 16:00,4.351429031613153
2025-09-23 17:00,2.6012693496519392
2025-09-23 18:00,4.463526096791903
2025-09-23 19:00,2.423406832295944
2025-09-23 20:00,1.0629628545418268
2025-09-23 21:00,1.6672175833415628
2025-09-23 22:00,0.666592857783891
2025-09-23 23:00,0.9508571351703073
2025-09-24 00:00,0.7195062626846339
2025-09-24 01:00,1.2238028797580185
2025-09-24 02:00,1.9298116072162426
2025-09-24 03:00,1.2366939294949937
2025-09-24 04:00,0.8756929094352771
2025-09-24 05:00,0.8918065400849109
2025-09-24 06:00,1.5091124941832736
2025-09-24 07:00,2.069383648747722
2025-09-24 08:00,3.1683604410605835
2025-09-24 09:00,2.0296890531170466
2025-09-24 10:00,16.086333145077248
2025-09-24 11:00,20.74691911390274
2025-09-24 12:00,25.32798039504334
2025-09-24 13:00,17.60119843324636
2025-09-24 14:00,19.307761217789757
2025-09-24 15:00,20.823106043191068
2025-09-24 16:00,25.059290096390754
2025-09-24 17:00,29.780753115824876
2025-09-24 18:00,16.661136995608675
2025-09-24 19:00,9.70301982098298
2025-09-24 20:00,9.157768619049982
2025-09-24 21:00,11.773552527574676
2025-09-24 22:00,8.668336830098454
2025-09-24 23:00,3.1452126307992834
2025-09-25 00:00,9.852989111182666
2025-09-25 01:00,7.3062241490715945
2025-09-25 02:00,10.441019881878674
2025-09-25 03:00,2.6422551507691647
2025-09-25 04:00,1.4187204529046868
2025-09-25 05:00,0.3382249886694821
2025-09-25 06:00,0.0
2025-09-25 07:00,6.823905239583053
2025-09-25 08:00,8.836810341775163
2025-09-25 09:00,10.993716799894827
2025-09-25 10:00,3.2408853970550284
2025-09-25 11:00,0.6162511225803591
2025-09-25 12:00,4.500067559680042
2025-09-25 13:00,1.2160017105327003
2025-09-25 14:00,0.23804179288561164
2025-09-25 15:00,0.6314737994936731
2025-09-25 16:00,0.726146938573812
2025-09-25 17:00,0.22036317674564232
2025-09-25 18:00,0.2048531307595083
2025-09-25 19:00,3.902288086401907
2025-09-25 20:00,0.6814452899005858
2025-09-25 21:00,1.0548440525972589
2025-09-25 22:00,0.8841496002206257
2025-09-25 23:00,0.9821235430631399
2025-09-26 00:00,1.504441929421523
2025-09-26 01:00,1.1106213167835488
2025-09-26 02:00,4.438207476650715
2025-09-26 03:00,7.593233563843481
2025-09-26 04:00,7.654125037262111
2025-09-26 05:00,9.44782774895667
2025-09-26 06:00,7.1720419577653844
2025-09-26 07:00,5.749174909232795
2025-09-26 08:00,5.376541706412112
2025-09-26 09:00,6.663214644009074
2025-09-26 10:00,1.778701803784963
2025-09-26 11:00,0.6028940723995403
2025-09-26 12:00,0.8390732637328108
2025-09-26 13:00,0.19532902736005964
2025-09-26 14:00,1.3620879459224404
2025-09-26 15:00,1.6821646565980712
2025-09-26 16:00,5.522996633423893
2025-09-26 17:00,3.498002560901399
2025-09-26 18:00,0.7637395892534145
2025-09-26 19:00,1.4030891706091997
2025-09-26 20:00,1.1077399295072765
2025-09-26 21:00,3.586225109053475
2025-09-26 22:00,3.4900531725966104
2025-09-26 23:00,4.749127602616767
2025-09-27 00:00,3.2149991780452085
2025-09-27 01:00,2.4976816302887346
2025-09-27 02:00,3.2448222145080194
2025-09-27 03:00,4.3846582289727785
2025-09-27 04:00,2.9337021025818917
2025-09-27 05:00,2.0255922763268512
2025-09-27 06:00,0.5326458821869503
2025-09-27 07:00,0.932100879910848
2025-09-27 08:00,1.4952516942138803
2025-09-27 09:00,0.4412999127329381
2025-09-27 10:00,0.3125911438476192
2025-09-27 11:00,5.8201864549396145
2025-09-27 12:00,3.0153478409188805
2025-09-27 13:00,3.082371035285913
2025-09-27 14:00,0.8097165512823771
2025-09-27 15:00,2.541521621108058
2025-09-27 16:00,7.1113297625418195
2025-09-27 17:00,9.659063432138481
2025-09-27 18:00,4.607478870653361
2025-09-27 19:00,0.0
2025-09-27 20:00,0.19638082938015747
2025-09-27 21:00,0.44531904871337874
2025-09-27 22:00,0.44372829070675146
2025-09-27 23:00,1.5019027911616076
2025-09-28 00:00,0.6605283501134275
2025-09-28 01:00,0.8063410855998068
2025-09-28 02:00,1.1767805579439614
2025-09-28 03:00,0.6873773812752086
2025-09-28 04:00,0.414466940839806
2025-09-28 05:00,4.337303674724991
2025-09-28 06:00,8.032832471705333
2025-09-28 07:00,14.268855898447088
2025-09-28 08:00,13.916866832935636
2025-09-28 09:00,31.600977478926243
2025-09-28 10:00,27.94312381033561
2025-09-28 11:00,14.376964626662916
2025-09-28 12:00,24.37807270671388
2025-09-28 13:00,30.64033164275471
2025-09-28 14:00,30.8022995932907
2025-09-28 15:00,11.23491299608336
2025-09-28 16:00,3.3253069255862924
2025-09-28 17:00,4.750017761141557
2025-09-28 18:00,2.424733792587761
2025-09-28 19:00,3.3288860442049164
2025-09-28 20:00,5.875714461318831
2025-09-28 21:00,7.998819355801718
2025-09-28 22:00,5.206827220332229
2025-09-28 23:00,3.5123643853829827
2025-09-29 00:00,1.024455747264948
2025-09-29 01:00,10.970905532703592
2025-09-29 02:00,1.8816861703057972
2025-09-29 03:00,10.003357631469417
2025-09-29 04:00,8.69343452107635
2025-09-29 05:00,8.540121737916223
2025-09-29 06:00,2.918452484049661
2025-09-29 07:00,2.68326575005728
2025-09-29 08:00,1.7171796768530112
2025-09-29 09:00,3.543760012885614
2025-09-29 10:00,1.4396263711321386
2025-09-29 11:00,1.1770427007861997
2025-09-29 12:00,0.0
2025-09-29 13:00,0.25787300585937256
2025-09-29 14:00,0.22127143429978766
2025-09-29 15:00,0.7623919113641021
2025-09-29 16:00,0.0
2025-09-29 17:00,0.0
2025-09-29 18:00,0.0
2025-09-29 19:00,0.3698241557320122
2025-09-29 20:00,0.12722774490416197
2025-09-29 21:00,0.5891168083249853
2025-09-29 22:00,0.6457968333462585
2025-09-29 23:00,0.8391415914084477
2025-09-30 00:00,0.43967795251100167
2025-09-30 01:00,0.11202421251587708
2025-09-30 02:00,0.11940275459612791
2025-09-30 03:00,0.37864871632417
2025-09-30 04:00,0.38810319943204835
2025-09-30 05:00,0.4204890176994082
2025-09-30 06:00,0.7424492408693085
2025-09-30 07:00,0.6524686474493846
2025-09-30 08:00,0.6483768715421406
2025-09-30 09:00,0.0
2025-09-30 10:00,0.0
2025-09-30 11:00,0.0
2025-09-30 12:00,0.0
2025-09-30 13:00,0.0
2025-09-30 14:00,0.0
2025-09-30 15:00,0.0
2025-09-30 16:00,0.35662310649247625
2025-09-30 17:00,0.6133223562640296
2025-09-30 18:00,0.09499719323041739
2025-09-30 19:00,0.0
2025-09-30 20:00,3.200561302346724
2025-09-30 21:00,4.052205794947159
2025-09-30 22:00,1.8185167437791427
2025-09-30 23:00,2.2995320177392777
2025-10-01 00:00,1.7093027467848434
2025-10-01 01:00,4.189742515901792
2025-10-01 02:00,2.70745239570129
2025-10-01 03:00,2.1618120649580552
2025-10-01 04:00,2.881911855827627
2025-10-01 05:00,3.335579044624634
2025-10-01 06:00,3.014154267440798
2025-10-01 07:00,2.3955292751006145
2025-10-01 08:00,1.0462827475568086
2025-10-01 09:00,0.7668656918164694
2025-10-01 10:00,1.923773941340877
2025-10-01 11:00,0.0
2025-10-01 12:00,0.0
2025-10-01 13:00,0.0
2025-10-01 14:00,0.45534552131921163
2025-10-01 15:00,0.0
2025-10-01 16:00,0.8615292349978942
2025-10-01 17:00,1.5476505609903075
2025-10-01 18:00,1.7674923038790913
2025-10-01 19:00,4.3119577806783
2025-10-01 20:00,6.36068934274185
2025-10-01 21:00,2.5975373336889116
2025-10-01 22:00,1.6301881781933196
2025-10-01 23:00,0.9940114561536297
2025-10-02 00:00,0.6935776018019825
2025-10-02 01:00,1.4864938615851895
2025-10-02 02:00,1.373745806972772
2025-10-02 03:00,1.0437546549418673
2025-10-02 04:00,0.3991238394907016
2025-10-02 05:00,0.2785496613174029
2025-10-02 06:00,0.3900668393280641
2025-10-02 07:00,0.7983296045522386
2025-10-02 08:00,1.2066764716559484
2025-10-02 09:00,0.37463599019812255
2025-10-02 10:00,0.45025833530740567
2025-10-02 11:00,0.046666367154514325
2025-10-02 12:00,0.0
2025-10-02 13:00,0.029771630879238856
2025-10-02 14:00,0.0
2025-10-02 15:00,0.0
2025-10-02 16:00,0.0
2025-10-02 17:00,0.0
2025-10-02 18:00,1.2112584031335223
2025-10-02 19:00,1.6948825754761494
2025-10-02 20:00,1.9493975488380522
2025-10-02 21:00,1.1467789738762117
2025-10-02 22:00,0.2181638119877603
2025-10-02 23:00,4.043173650340364
2025-10-03 00:00,0.784005624058923
2025-10-03 01:00,0.6557033040741416
2025-10-03 02:00,9.883416162376571
2025-10-03 03:00,3.802229898676846
2025-10-03 04:00,2.5870738797325767
2025-10-03 05:00,0.8117630953791228
2025-10-03 06:00,1.2574336305037364
2025-10-03 07:00,4.670882333887596
2025-10-03 08:00,7.706921311818213
2025-10-03 09:00,7.118923664583767
2025-10-03 10:00,8.206986051569418
2025-10-03 11:00,9.58426649772567
2025-10-03 12:00,12.179979474911685
2025-10-03 13:00,9.547909397511473
2025-10-03 14:00,9.542805439392334
2025-10-03 15:00,9.1008070648533
2025-10-03 16:00,6.088290658187611
2025-10-03 17:00,8.440953843227806
2025-10-03 18:00,7.425214817970356
2025-10-03 19:00,6.101374399977159
2025-10-03 20:00,6.49163745566993
2025-10-03 21:00,16.657509185349916
2025-10-03 22:00,22.947432949376537
2025-10-03 23:00,23.15953188071433
2025-10-04 00:00,3.2266306353762952
2025-10-04 01:00,3.2407909827546164
2025-10-04 02:00,3.320041402717278
2025-10-04 03:00,3.401624154782474
2025-10-04 04:00,6.58444372841393
2025-10-04 05:00,2.1978670755600866
2025-10-04 06:00,2.0698678496740373
2025-10-04 07:00,1.9536581061824347
2025-10-04 08:00,2.02898180242087
2025-10-04 09:00,2.842780482291908
2025-10-04 10:00,10.655666177822235
2025-10-04 11:00,7.966120143070449
2025-10-04 12:00,8.299577724233943
2025-10-04 13:00,2.059066835475567
2025-10-04 14:00,1.9516114212568654
2025-10-04 15:00,0.7275612970323498
2025-10-04 16:00,1.2763279814810846
2025-10-04 17:00,0.36917225342035376
2025-10-04 18:00,0.3661924506180893
2025-10-04 19:00,0.13313362123824712
2025-10-04 20:00,0.7291895931796908
2025-10-04 21:00,1.4087322636764195
2025-10-04 22:00,0.9514467553177439
2025-10-04 23:00,0.9475950180810613
2025-10-05 00:00,2.3511319502078565
2025-10-05 01:00,1.424577473770159
2025-10-05 02:00,2.0323060752208284
2025-10-05 03:00,0.12032880780073943
2025-10-05 04:00,0.5701780047566178
2025-10-05 05:00,1.9537537404306724
2025-10-05 06:00,1.0985822531010734
2025-10-05 07:00,1.3601135670147873
2025-10-05 08:00,1.0555812976417847
2025-10-05 09:00,1.776900326468198
2025-10-05 10:00,2.5737946061422288
2025-10-05 11:00,1.3652935811446887
2025-10-05 12:00,1.7446124739658042
2025-10-05 13:00,2.551125277519039
2025-10-05 14:00,1.364874239685715
2025-10-05 15:00,0.0
2025-10-05 16:00,0.01653438954651639
2025-10-05 17:00,0.0
2025-10-05 18:00,0.0
2025-10-05 19:00,1.418946140187059
2025-10-05 20:00,0.4746270892530883
2025-10-05 21:00,0.11546950777166226
2025-10-05 22:00,0.5909272670619867
2025-10-05 23:00,1.091026424210015
2025-10-06 00:00,0.06334643042140618
2025-10-06 01:00,0.45209043216908795
2025-10-06 02:00,0.8221817326048289
2025-10-06 03:00,0.851250580311253
2025-10-06 04:00,2.0856587996942118
2025-10-06 05:00,0.8252166889934524
2025-10-06 06:00,0.5290984832567734
2025-10-06 07:00,2.9714842882475105
2025-10-06 08:00,0.5095918628603674
2025-10-06 09:00,3.8242941258872256
2025-10-06 10:00,8.0433138706311
2025-10-06 11:00,13.270203639430973
2025-10-06 12:00,20.06146315961019
2025-10-06 13:00,24.933895246364813
2025-10-06 14:00,19.073295232787007
2025-10-06 15:00,18.33577788868208
2025-10-06 16:00,4.155041643206335
2025-10-06 17:00,8.217908937842084
2025-10-06 18:00,9.328717519532386
2025-10-06 19:00,25.596103507785706
2025-10-06 20:00,35.28898952005893
2025-10-06 21:00,41.921553078574064
2025-10-06 22:00,38.882073379907396
2025-10-06 23:00,31.072162237732606
2025-10-07 00:00,28.61268896983212
2025-10-07 01:00,28.2739058040609
2025-10-07 02:00,30.892105020685165
2025-10-07 03:00,23.371171860981324
2025-10-07 04:00,19.700905557504157
2025-10-07 05:00,19.243395691564984
2025-10-07 06:00,20.41515209973179
2025-10-07 07:00,12.272352651113074
2025-10-07 08:00,3.2907543960133028
2025-10-07 09:00,2.051436934124251
2025-10-07 10:00,1.2738618181919097
2025-10-07 11:00,2.409842361486121
2025-10-07 12:00,1.9113258889334068
2025-10-07 13:00,2.771811550070701
2025-10-07 14:00,3.1526675709927456
2025-10-07 15:00,15.386066752381167
2025-10-07 16:00,16.620860819090215
2025-10-07 17:00,14.682580443098976
2025-10-07 18:00,11.032242422424893
2025-10-07 19:00,11.964568734794504
2025-10-07 20:00,7.591892097192798
2025-10-07 21:00,4.622100427159243
2025-10-07 22:00,3.4937780478314795
2025-10-07 23:00,1.843878650125614
2025-10-08 00:00,1.6385611951082069
2025-10-08 01:00,3.099168090779643
2025-10-08 02:00,3.186222170697381
2025-10-08 03:00,3.8852097662736003
2025-10-08 04:00,3.696192758241762
2025-10-08 05:00,6.826910292008148
2025-10-08 06:00,8.017213640547814
2025-10-08 07:00,8.912242129412745
2025-10-08 08:00,13.937912265512695
2025-10-08 09:00,6.41675254980315
2025-10-08 10:00,6.591735237369253
2025-10-08 11:00,5.751053418239452
2025-10-08 12:00,4.6891182133875775
2025-10-08 13:00,6.169163304259833
2025-10-08 14:00,9.038606139346209
2025-10-08 15:00,5.935229757131416
2025-10-08 16:00,6.17051748832866
2025-10-08 17:00,3.9134947419523702
2025-10-08 18:00,2.4184560724955646
2025-10-08 19:00,2.5218673684793274
2025-10-08 20:00,1.7565240383838796
2025-10-08 21:00,2.2176195462784816
2025-10-08 22:00,1.7005667049235842
2025-10-08 23:00,8.58089326097762
2025-10-09 00:00,1.6230899318497554
2025-10-09 01:00,2.343005520816645
2025-10-09 02:00,1.1192245356022803
2025-10-09 03:00,2.316132574628199
2025-10-09 04:00,3.475203008137976
2025-10-09 05:00,2.878209790116575
2025-10-09 06:00,3.728515542456733
2025-10-09 07:00,2.9214463181918435
2025-10-09 08:00,2.1881952942660345
2025-10-09 09:00,3.9255931767133827
2025-10-09 10:00,5.227916553859183
2025-10-09 11:00,4.170915358015938
2025-10-09 12:00,0.0
2025-10-09 13:00,0.0
2025-10-09 14:00,0.0
2025-10-09 15:00,0.07397445998570618
2025-10-09 16:00,0.012193337070050264
2025-10-09 17:00,0.49519395438894714
2025-10-09 18:00,0.6843996837129218
2025-10-09 19:00,4.066624134028761
2025-10-09 20:00,6.058250990682186
2025-10-09 21:00,8.796704893320781
2025-10-09 22:00,0.3672756192312113
2025-10-09 23:00,1.826524830760593
2025-10-10 00:00,3.482249552959807
2025-10-10 01:00,1.7565289271363043
2025-10-10 02:00,1.5708856361215557
2025-10-10 03:00,2.1545387434504724
2025-10-10 04:00,2.7937321187432587
2025-10-10 05:00,1.037456426104176
2025-10-10 06:00,1.3738252959099235
2025-10-10 07:00,1.1311634284602983
2025-10-10 08:00,0.04726324486065299
2025-10-10 09:00,0.9590858263177827
2025-10-10 10:00,1.013126521187506
2025-10-10 11:00,0.0
2025-10-10 12:00,0.05188463896291335
2025-10-10 13:00,0.0
2025-10-10 14:00,0.0
2025-10-10 15:00,0.19587366590875532
2025-10-10 16:00,0.35706256742003656
2025-10-10 17:00,0.0
2025-10-10 18:00,0.0
2025-10-10 19:00,0.0
2025-10-10 20:00,0.0
2025-10-10 21:00,0.2932192067668905
2025-10-10 22:00,5.495593745437652
2025-10-10 23:00,0.7102046290251862
2025-10-11 00:00,13.296032199238022
2025-10-11 01:00,2.2699719136559953
2025-10-11 02:00,3.223173423550083
2025-10-11 03:00,5.673378196088851
2025-10-11 04:00,2.8542807108995687
2025-10-11 05:00,1.3127375151690117
2025-10-11 06:00,2.2317087304986987
2025-10-11 07:00,2.576198633670714
2025-10-11 08:00,2.254426064183893
2025-10-11 09:00,1.0881359952240792
2025-10-11 10:00,4.103370670851261
2025-10-11 11:00,7.189284007571681
2025-10-11 12:00,0.31171382145556675
2025-10-11 13:00,0.0
2025-10-11 14:00,0.0
2025-10-11 15:00,0.0
2025-10-11 16:00,0.24776270671711645
2025-10-11 17:00,0.0
2025-10-11 18:00,2.6139288391274733
2025-10-11 19:00,3.0865098244735325
2025-10-11 20:00,9.745947756571027
2025-10-11 21:00,12.44372201328827
2025-10-11 22:00,4.286703229060186
2025-10-11 23:00,12.103414853573783
2025-10-12 00:00,7.163780230524927
2025-10-12 01:00,8.497567469314344
2025-10-12 02:00,8.292766938846366
2025-10-12 03:00,4.793374904766193
2025-10-12 04:00,1.3485594553645017
2025-10-12 05:00,0.6507836160780207
2025-10-12 06:00,6.774661533179699
2025-10-12 07:00,1.6095625660742519
2025-10-12 08:00,2.103682847283859
2025-10-12 09:00,0.5979667028964702
2025-10-12 10:00,1.2461655813803811
2025-10-12 11:00,0.5344852338304477
2025-10-12 12:00,0.693244805585732
2025-10-12 13:00,0.5539301853877382
2025-10-12 14:00,0.20005218907671146
2025-10-12 15:00,0.0
2025-10-12 16:00,0.0
2025-10-12 17:00,0.0
2025-10-12 18:00,0.0
2025-10-12 19:00,0.6970972741762818
2025-10-12 20:00,0.0
2025-10-12 21:00,1.9313453134915501
2025-10-12 22:00,0.05986515531420776
2025-10-12 23:00,0.8217978182625773
2025-10-13 00:00,2.1673897094769234
2025-10-13 01:00,0.7054206747241168
2025-10-13 02:00,0.7434050018646466
2025-10-13 03:00,1.6070225725298528
2025-10-13 04:00,2.0990813927535967
2025-10-13 05:00,2.37964599564552
2025-10-13 06:00,1.5429644774348423
2025-10-13 07:00,3.56295052532063
2025-10-13 08:00,6.694970524815441
2025-10-13 09:00,6.3749874670864415
2025-10-13 10:00,14.005686227614339
2025-10-13 11:00,14.520624826610517
2025-10-13 12:00,15.021616569118486
2025-10-13 13:00,30.29849524557135
2025-10-13 14:00,35.103913601768014
2025-10-13 15:00,33.073584783715546
2025-10-13 16:00,34.04144106355905
2025-10-13 17:00,26.03894434606494
2025-10-13 18:00,23.65453806328553
2025-10-13 19:00,15.856881897590366
2025-10-13 20:00,14.387605747609804
2025-10-13 21:00,9.165504321362295
2025-10-13 22:00,6.445517546903453
2025-10-13 23:00,9.293068600696813
2025-10-14 00:00,1.2229848224901372
2025-10-14 01:00,2.2907277520219353
2025-10-14 02:00,3.1806437464490536
2025-10-14 03:00,1.620436105999201
2025-10-14 04:00,1.9206668991799032
2025-10-14 05:00,5.314708806532955
2025-10-14 06:00,6.81204207164323
2025-10-14 07:00,8.384188305644368
2025-10-14 08:00,6.7520910377106444
2025-10-14 09:00,11.993880624032087
2025-10-14 10:00,7.877312625507124
2025-10-14 11:00,5.962861151641074
2025-10-14 12:00,3.6832885119676484
2025-10-14 13:00,1.435345467560824
2025-10-14 14:00,0.8553763435335765
2025-10-14 15:00,0.09993505559797976
2025-10-14 16:00,0.0
2025-10-14 17:00,0.0
2025-10-14 18:00,1.2662873781207562
2025-10-14 19:00,3.3523172231201253
2025-10-14 20:00,1.3218320108242092
2025-10-14 21:00,3.2624982679590246
2025-10-14 22:00,0.7217161076416991
2025-10-14 23:00,3.0640691332126755
2025-10-15 00:00,1.9230026383541738
2025-10-15 01:00,0.9345873980837167
2025-10-15 02:00,2.4941657612958537
2025-10-15 03:00,3.5078851264289597
2025-10-15 04:00,2.751663504291692
2025-10-15 05:00,4.638991648171272
2025-10-15 06:00,3.397638012515429
2025-10-15 07:00,3.055529922206042
2025-10-15 08:00,2.700211011835574
2025-10-15 09:00,1.5189466690116518
2025-10-15 10:00,0.0
2025-10-15 11:00,0.0
2025-10-15 12:00,0.0
2025-10-15 13:00,0.0
2025-10-15 14:00,0.0
2025-10-15 15:00,0.30156717606410194
2025-10-15 16:00,0.2909969589546918
2025-10-15 17:00,1.200288547088724
2025-10-15 18:00,5.927073485995084
2025-10-15 19:00,4.429225222671586
2025-10-15 20:00,2.5524026085262985
2025-10-15 21:00,3.607254734604029
2025-10-15 22:00,7.067314886334149
2025-10-15 23:00,7.017362038118387
2025-10-16 00:00,25.12098190421964
2025-10-16 01:00,31.369377165830148
2025-10-16 02:00,35.52222786492471
2025-10-16 03:00,30.66685838973291
2025-10-16 04:00,32.12052737574778
2025-10-16 05:00,42.09668729770194
2025-10-16 06:00,28.89294164507054
2025-10-16 07:00,16.456128932971385
2025-10-16 08:00,14.00439166689846
2025-10-16 09:00,12.963130094532344
2025-10-16 10:00,11.241302427600361
2025-10-16 11:00,7.7952303234519436
2025-10-16 12:00,9.255792264055302
2025-10-16 13:00,8.01542312997108
2025-10-16 14:00,9.832876954163343
2025-10-16 15:00,12.366060086347243
2025-10-16 16:00,14.244409997746445
2025-10-16 17:00,11.296616693079455
2025-10-16 18:00,8.955961343498496
2025-10-16 19:00,12.42964402696898
2025-10-16 20:00,12.446871834832343
2025-10-16 21:00,8.432902908418686
2025-10-16 22:00,12.346065696771417
2025-10-16 23:00,13.199160380989884
2025-10-17 00:00,2.263587147470687
2025-10-17 01:00,2.4586701981321877
2025-10-17 02:00,1.6093096601125998
2025-10-17 03:00,2.8813719901471786
2025-10-17 04:00,2.650738681966009
2025-10-17 05:00,3.437685707843987
2025-10-17 06:00,3.2131525152750755
2025-10-17 07:00,3.6983951244586133
2025-10-17 08:00,2.5119604603948353
2025-10-17 09:00,2.4012069236696054
2025-10-17 10:00,2.072145712900168
2025-10-17 11:00,0.49423836760157097
2025-10-17 12:00,0.0
2025-10-17 13:00,0.040871664764548045
2025-10-17 14:00,0.0
2025-10-17 15:00,0.2732753626315423
2025-10-17 16:00,0.9648501436266532
2025-10-17 17:00,2.8577992970545956
2025-10-17 18:00,0.370299586558099
2025-10-17 19:00,0.6205721539971345
2025-10-17 20:00,2.904645251213126
2025-10-17 21:00,1.772442564918108
2025-10-17 22:00,17.228506300463103
2025-10-17 23:00,18.3054955661179
2025-10-18 00:00,1.3639925898188447
2025-10-18 01:00,3.809893978267111
2025-10-18 02:00,9.190779419532179
2025-10-18 03:00,16.418054263879476
2025-10-18 04:00,31.552984916760526
2025-10-18 05:00,8.881438151659665
2025-10-18 06:00,12.767633852872876
2025-10-18 07:00,12.731061378458332
2025-10-18 08:00,11.684552682102456
2025-10-18 09:00,17.031806949486366
2025-10-18 10:00,27.781955122362323
2025-10-18 11:00,27.180649680913522
2025-10-18 12:00,32.079014606873486
2025-10-18 13:00,35.971369336748694
2025-10-18 14:00,26.846074314954365
2025-10-18 15:00,20.447049513193658
2025-10-18 16:00,19.40828522893098
2025-10-18 17:00,16.73966899083488
2025-10-18 18:00,16.582073795981273
2025-10-18 19:00,10.790608404782189
2025-10-18 20:00,6.079679236075197
2025-10-18 21:00,5.644255505080489
2025-10-18 22:00,9.714271969653316
2025-10-18 23:00,6.770901646381511
2025-10-19 00:00,9.729342957101226
2025-10-19 01:00,5.481880354282992
2025-10-19 02:00,6.066638086292016
2025-10-19 03:00,9.2465188904022
2025-10-19 04:00,8.961722512302764
2025-10-19 05:00,8.960592336727142
2025-10-19 06:00,8.782381434288707
2025-10-19 07:00,3.6969195794010967
2025-10-19 08:00,3.919155790627918
2025-10-19 09:00,1.550566208269296
2025-10-19 10:00,2.026896414092594
2025-10-19 11:00,1.9046393589280635
2025-10-19 12:00,3.293189359014509
2025-10-19 13:00,7.547703551143372
2025-10-19 14:00,10.135390786525868
2025-10-19 15:00,16.93869796003072
2025-10-19 16:00,27.772249543812823
2025-10-19 17:00,27.120398674069058
2025-10-19 18:00,22.106968671199645
2025-10-19 19:00,22.697743450008076
2025-10-19 20:00,27.592478120259187
2025-10-19 21:00,19.9563072056372
2025-10-19 22:00,18.548485795966382
2025-10-19 23:00,15.31356064068412
2025-10-20 00:00,27.543228089507277
2025-10-20 01:00,20.76988048052122
2025-10-20 02:00,31.51300165205141
2025-10-20 03:00,24.801206459108975
2025-10-20 04:00,17.455491179016484
2025-10-20 05:00,26.00752171375159
2025-10-20 06:00,15.685890613358852
2025-10-20 07:00,15.001288338621565
2025-10-20 08:00,11.665380759650636
2025-10-20 09:00,21.91361885031392
2025-10-20 10:00,16.423377584572037
2025-10-20 11:00,16.780628258015092
2025-10-20 12:00,15.180514878716053
2025-10-20 13:00,21.86697358723584
2025-10-20 14:00,20.507407827603135
2025-10-20 15:00,19.597686182462564
2025-10-20 16:00,23.142534450817703
2025-10-20 17:00,22.81338623220009
2025-10-20 18:00,23.481472009914977
2025-10-20 19:00,23.26702035898306
2025-10-20 20:00,15.47456522582788
2025-10-20 21:00,12.691023088681264
2025-10-20 22:00,12.136104851167799
2025-10-20 23:00,10.853166938949629
2025-10-21 00:00,8.856131469337127
2025-10-21 01:00,8.722682986981109
2025-10-21 02:00,10.504873682391576
2025-10-21 03:00,9.606541477610564
2025-10-21 04:00,8.986340910360513
2025-10-21 05:00,8.707479626201913
2025-10-21 06:00,9.24734418803815
2025-10-21 07:00,8.704732909805681
2025-10-21 08:00,8.487669542798017
2025-10-21 09:00,8.776794707746562
2025-10-21 10:00,8.189632512440872
2025-10-21 11:00,10.494193280968812
2025-10-21 12:00,10.889346830957432
2025-10-21 13:00,18.399066139557956
2025-10-21 14:00,20.655135055615638
2025-10-21 15:00,25.213565120668893
2025-10-21 16:00,24.23506853996921
2025-10-21 17:00,24.40825805804589
2025-10-21 18:00,14.458794491384033
2025-10-21 19:00,19.72104004102759
2025-10-21 20:00,8.486708161821936
2025-10-21 21:00,9.480147844543442
2025-10-21 22:00,9.933732687050616
2025-10-21 23:00,11.421961811252654
2025-10-22 00:00,10.894947707236147
2025-10-22 01:00,10.955151853751937
2025-10-22 02:00,10.239125548591804
2025-10-22 03:00,10.53916482151028
2025-10-22 04:00,9.239636100519466
2025-10-22 05:00,9.696248770210659
2025-10-22 06:00,12.413020288940551
2025-10-22 07:00,10.019662594035198
2025-10-22 08:00,5.940395432629139
2025-10-22 09:00,8.157084258811183
2025-10-22 10:00,6.7313704809242045
2025-10-22 11:00,7.098052626179037
2025-10-22 12:00,6.54468806351591
2025-10-22 13:00,12.876182009150886
2025-10-22 14:00,10.975307956938732
2025-10-22 15:00,11.514015446148067
2025-10-22 16:00,13.343267395004338
2025-10-22 17:00,7.9665736293903135
2025-10-22 18:00,14.583163071306286
2025-10-22 19:00,18.329288857140263
2025-10-22 20:00,14.41464022365565
2025-10-22 21:00,12.892287109299998
2025-10-22 22:00,10.5221554868208
2025-10-22 23:00,8.317662075736159
2025-10-23 00:00,2.5690499053774727
2025-10-23 01:00,2.649068275008815
2025-10-23 02:00,3.533576522653753
2025-10-23 03:00,4.210318098880031
2025-10-23 04:00,5.685986965875466
2025-10-23 05:00,5.442187082883681
2025-10-23 06:00,9.425010401189944
2025-10-23 07:00,8.744787391615157
2025-10-23 08:00,2.3509402308996674
2025-10-23 09:00,2.0160807346271086
2025-10-23 10:00,2.857379086278532
2025-10-23 11:00,1.0537698658789454
2025-10-23 12:00,1.5567230614635943
2025-10-23 13:00,1.906086678882929
2025-10-23 14:00,1.3197918677135696
2025-10-23 15:00,3.999188715214206
2025-10-23 16:00,8.471256382831747
2025-10-23 17:00,11.706116004511914
2025-10-23 18:00,12.672335108661995
2025-10-23 19:00,12.353798851933627
2025-10-23 20:00,17.43506299805768
2025-10-23 21:00,11.822839931091133
2025-10-23 22:00,10.85805880873507
2025-10-23 23:00,9.65241031040951
2025-10-24 00:00,7.198316444909444
2025-10-24 01:00,15.032339008878992
2025-10-24 02:00,8.399380412192112
2025-10-24 03:00,11.831123242132929
2025-10-24 04:00,16.338835999708984
2025-10-24 05:00,14.760679360005366
2025-10-24 06:00,8.30360019713833
2025-10-24 07:00,8.161571000535707
2025-10-24 08:00,5.16914263994141
2025-10-24 09:00,8.17586210504754
2025-10-24 10:00,4.694482513183658
2025-10-24 11:00,3.1045808831182273
2025-10-24 12:00,2.4641055419820197
2025-10-24 13:00,3.693654438488307
2025-10-24 14:00,2.6556890945546234
2025-10-24 15:00,2.871119180614166
2025-10-24 16:00,6.139963565531763
2025-10-24 17:00,7.951577875452853
2025-10-24 18:00,9.780696137965323
2025-10-24 19:00,7.223923548874136
2025-10-24 20:00,10.168587807326741
2025-10-24 21:00,10.373525489901422
2025-10-24 22:00,8.050418894497023
2025-10-24 23:00,7.313302941268112
2025-10-25 00:00,1.4030367899122262
2025-10-25 01:00,1.1030466943274388
2025-10-25 02:00,5.788693732959876
2025-10-25 03:00,1.2758954161884821
2025-10-25 04:00,1.3213180542976861
2025-10-25 05:00,5.753162502845642
2025-10-25 06:00,3.1799558039400595
2025-10-25 07:00,5.911839080600234
2025-10-25 08:00,8.781991356247925
2025-10-25 09:00,11.223135249846207
2025-10-25 10:00,7.563068554710371
2025-10-25 11:00,5.548920768531261
2025-10-25 12:00,6.643768237709568
2025-10-25 13:00,8.436544055897182
2025-10-25 14:00,12.539093869513936
2025-10-25 15:00,14.807319052784228
2025-10-25 16:00,19.90876002446637
2025-10-25 17:00,23.548819836557158
2025-10-25 18:00,16.345685075904107
2025-10-25 19:00,15.630050894120432
2025-10-25 20:00,10.031083741200025
2025-10-25 21:00,7.475804340342865
2025-10-25 22:00,12.198366945045365
2025-10-25 23:00,7.267193271279881
2025-10-26 00:00,4.485909853749887
2025-10-26 01:00,7.809598458131658
2025-10-26 02:00,5.163381045698902
2025-10-26 03:00,3.8090774563360297
2025-10-26 04:00,7.525374809914393
2025-10-26 05:00,11.985578864141269
2025-10-26 06:00,5.196710234712757
2025-10-26 07:00,4.304451922071241
2025-10-26 08:00,1.0458651877816965
2025-10-26 09:00,4.0900635492313135
2025-10-26 10:00,3.732518882790106
2025-10-26 11:00,1.4677307307074443
2025-10-26 12:00,8.494167718318243
2025-10-26 13:00,13.551035063199976
2025-10-26 14:00,16.534799953662905
2025-10-26 15:00,22.84309972193675
2025-10-26 16:00,22.08088183246037
2025-10-26 17:00,22.290371868261932
2025-10-26 18:00,7.265598052356231
2025-10-26 19:00,9.73533992132541
2025-10-26 20:00,7.990587491142162
2025-10-26 21:00,10.685815844938922
2025-10-26 22:00,5.239925451303532
2025-10-26 23:00,17.117330908128867
2025-10-27 00:00,20.02686240007257
2025-10-27 01:00,34.55177504802059
2025-10-27 02:00,40.92591456650848
2025-10-27 03:00,33.28837541289457
2025-10-27 04:00,38.33546158440161
2025-10-27 05:00,43.37686305284318
2025-10-27 06:00,31.877865308779015
2025-10-27 07:00,23.334223073002946
2025-10-27 08:00,23.859048212999866
2025-10-27 09:00,20.36369390792734
2025-10-27 10:00,15.219891133997855
2025-10-27 11:00,3.409233757693022
2025-10-27 12:00,14.450781451119552
2025-10-27 13:00,23.045648825240338
2025-10-27 14:00,30.32701396101318
2025-10-27 15:00,34.119680578678604
2025-10-27 16:00,34.64953759942817
2025-10-27 17:00,25.001194677325927
2025-10-27 18:00,14.432712062712794
2025-10-27 19:00,10.215444912559036
2025-10-27 20:00,8.118420686510406
2025-10-27 21:00,10.908722813134702
2025-10-27 22:00,7.791691151841198
2025-10-27 23:00,4.972132564538243
2025-10-28 00:00,11.113436273579453
2025-10-28 01:00,9.209745022540734
2025-10-28 02:00,7.672101078830116
2025-10-28 03:00,9.886206715180744
2025-10-28 04:00,11.462727424773748
2025-10-28 05:00,13.009635562339227
2025-10-28 06:00,5.853061152914605
2025-10-28 07:00,8.200802177176415
2025-10-28 08:00,5.9061359277915315
2025-10-28 09:00,5.52521494262283
2025-10-28 10:00,5.941842436789951
2025-10-28 11:00,5.102028478967858
2025-10-28 12:00,4.945063123481359
2025-10-28 13:00,5.552318086233985
2025-10-28 14:00,3.6063975091700726
2025-10-28 15:00,2.3548671168931
2025-10-28 16:00,1.7769454879656215
2025-10-28 17:00,0.0
2025-10-28 18:00,0.0
2025-10-28 19:00,1.269401832794701
2025-10-28 20:00,0.7387415521225431
2025-10-28 21:00,1.5219252487445845
2025-10-28 22:00,1.328732531376154
2025-10-28 23:00,1.4130983279839089
2025-10-29 00:00,2.8716795868197535
2025-10-29 01:00,4.128683430405281
2025-10-29 02:00,2.5112979068644066
2025-10-29 03:00,3.7015270923414985
2025-10-29 04:00,3.95951835177168
2025-10-29 05:00,4.578372652723727
2025-10-29 06:00,3.7652840585695677
2025-10-29 07:00,4.062061727430879
2025-10-29 08:00,0.6841832979342454
2025-10-29 09:00,0.0
2025-10-29 10:00,0.6517955039395293
2025-10-29 11:00,0.0
2025-10-29 12:00,0.17060326502943585
2025-10-29 13:00,0.36522339999894854
2025-10-29 14:00,0.32409393471749653
2025-10-29 15:00,0.9542296907035781
2025-10-29 16:00,1.649142434321153
2025-10-29 17:00,2.3778821884906014
2025-10-29 18:00,4.7257607161945625
2025-10-29 19:00,4.1095304241989545
2025-10-29 20:00,2.0151148963435133
2025-10-29 21:00,1.1535890251525607
2025-10-29 22:00,2.4052970906315694
2025-10-29 23:00,1.9949681795790686
2025-10-30 00:00,2.4276082098671403
2025-10-30 01:00,2.165326816325559
2025-10-30 02:00,2.4354362424973233
2025-10-30 03:00,1.8877811171138115
2025-10-30 04:00,1.1697022274772937
2025-10-30 05:00,3.1576129815419844
2025-10-30 06:00,2.2234662738147364
2025-10-30 07:00,2.658486688867215
2025-10-30 08:00,0.40320999052383744
2025-10-30 09:00,0.6543875099247474
2025-10-30 10:00,1.9585301376032318
2025-10-30 11:00,0.18452460176927404
2025-10-30 12:00,1.4972615546473083
2025-10-30 13:00,0.9218639275551288
2025-10-30 14:00,0.058394441938797274
2025-10-30 15:00,0.0
2025-10-30 16:00,0.4741940003917307
2025-10-30 17:00,2.5354629034647376
2025-10-30 18:00,3.775264251877804
2025-10-30 19:00,3.9681106852240764
2025-10-30 20:00,4.911392537282096
2025-10-30 21:00,4.337702673532514
2025-10-30 22:00,2.6072337956478733
2025-10-30 23:00,2.064016951454725
2025-10-31 00:00,4.648220522121232
2025-10-31 01:00,4.1994328900139735
2025-10-31 02:00,8.224090100564316
2025-10-31 03:00,13.470375187237362
2025-10-31 04:00,4.3293559450969115
2025-10-31 05:00,6.101295488363637
2025-10-31 06:00,3.340989038228318
2025-10-31 07:00,3.1313944644666853
2025-10-31 08:00,2.497757535384597
2025-10-31 09:00,3.697985810654176
2025-10-31 10:00,1.0571418577826845
2025-10-31 11:00,1.657689969206792
2025-10-31 12:00,1.088108057556212
2025-10-31 13:00,0.6310703350928833
2025-10-31 14:00,1.5280665314299962
2025-10-31 15:00,1.8149555157811221
2025-10-31 16:00,1.8100108218522188
2025-10-31 17:00,0.9261277388523882
2025-10-31 18:00,1.3856232912640822
2025-10-31 19:00,3.12396233670097
2025-10-31 20:00,10.197221134740351
2025-10-31 21:00,9.235159604119996
2025-10-31 22:00,16.388187043340217
2025-10-31 23:00,28.95416252247278
2025-11-01 00:00,2.7142770018265083
2025-11-01 01:00,3.7680914579813827
2025-11-01 02:00,4.302992011181739
2025-11-01 03:00,0.6071035748125932
2025-11-01 04:00,8.57150996810169
2025-11-01 05:00,22.94360860160118
2025-11-01 06:00,11.130042295563465
2025-11-01 07:00,10.156902146117
2025-11-01 08:00,11.829904556532854
2025-11-01 09:00,8.631698678750206
2025-11-01 10:00,11.04345379088027
2025-11-01 11:00,10.09771110355674
2025-11-01 12:00,8.940179057635795
2025-11-01 13:00,7.211727073658187
2025-11-01 14:00,3.6875665048214725
2025-11-01 15:00,4.22492022450413
2025-11-01 16:00,2.6116336204905433
2025-11-01 17:00,12.583977217398651
2025-11-01 18:00,4.4992351666037
2025-11-01 19:00,14.392947432309313
2025-11-01 20:00,15.032154033459895
2025-11-01 21:00,5.81159072358035
2025-11-01 22:00,10.349816052036811
2025-11-01 23:00,20.538248833418546
2025-11-02 00:00,26.48398753515887
2025-11-02 01:00,28.428275986856903
2025-11-02 02:00,26.19905892443608
2025-11-02 03:00,28.13759901813517
2025-11-02 04:00,19.280519178957025
2025-11-02 05:00,26.098852965298725
2025-11-02 06:00,17.381521481810623
2025-11-02 07:00,20.119963298875952
2025-11-02 08:00,26.35223762492153
2025-11-02 09:00,33.47081557008721
2025-11-02 10:00,48.48666026371775
2025-11-02 11:00,34.620817852384874
2025-11-02 12:00,37.22792591790643
2025-11-02 13:00,35.281444311967235
2025-11-02 14:00,49.23378534745756
2025-11-02 15:00,43.87788030149947
2025-11-02 16:00,47.54225145142793
2025-11-02 17:00,50.405679671481614
2025-11-02 18:00,45.66783213165092
2025-11-02 19:00,45.552538439223554
2025-11-02 20:00,40.84973180383499
2025-11-02 21:00,37.74677932982501
2025-11-02 22:00,24.68784101466081
2025-11-02 23:00,27.91298265120112
2025-11-03 00:00,26.524734491232298
2025-11-03 01:00,21.593539370787738
2025-11-03 02:00,14.432452913640976
2025-11-03 03:00,21.946799075519213
2025-11-03 04:00,18.68993504755887
2025-11-03 05:00,13.693714579547217
2025-11-03 06:00,5.895991227207108
2025-11-03 07:00,2.965367806433219
2025-11-03 08:00,1.3430419329862393
2025-11-03 09:00,2.451379599222592
2025-11-03 10:00,1.530185722471611
2025-11-03 11:00,3.1248230594402293
2025-11-03 12:00,2.853575453924924
2025-11-03 13:00,0.0
2025-11-03 14:00,1.2918281275832888
2025-11-03 15:00,1.0781687801715731
2025-11-03 16:00,1.3311925658513724
2025-11-03 17:00,2.9310103494797075
2025-11-03 18:00,5.76309269097378
2025-11-03 19:00,6.819060147500019
2025-11-03 20:00,7.090217103476962
2025-11-03 21:00,3.707163102617637
2025-11-03 22:00,3.8617321061696894
2025-11-03 23:00,2.938078054557669
2025-11-04 00:00,4.360908918146683
2025-11-04 01:00,2.996541018721229
2025-11-04 02:00,2.94390750781621
2025-11-04 03:00,3.2021544142907667
2025-11-04 04:00,3.4319889536657286
2025-11-04 05:00,3.25800601206878
2025-11-04 06:00,2.516425350000706
2025-11-04 07:00,3.2411992921933916
2025-11-04 08:00,2.298654251006355
2025-11-04 09:00,1.990816497897102
2025-11-04 10:00,0.8303501808239141
2025-11-04 11:00,1.4304639062939126
2025-11-04 12:00,0.553410309219814
2025-11-04 13:00,1.496038385229238
2025-11-04 14:00,1.0759039206291663
2025-11-04 15:00,0.5820528109603789
2025-11-04 16:00,1.1682276822573427
2025-11-04 17:00,4.305860085536198
2025-11-04 18:00,9.512091390637385
2025-11-04 19:00,12.379015044447375
2025-11-04 20:00,12.981233709118706
2025-11-04 21:00,6.927884510589082
2025-11-04 22:00,6.4118005999732475
2025-11-04 23:00,8.142425314737112
2025-11-05 00:00,8.640249552262555
2025-11-05 01:00,10.010527109404654
2025-11-05 02:00,7.374837198541119
2025-11-05 03:00,8.512318513647521
2025-11-05 04:00,8.734383277943534
2025-11-05 05:00,8.176872134583638
2025-11-05 06:00,8.72861288637856
2025-11-05 07:00,7.580667361581439
2025-11-05 08:00,6.97894319735262
2025-11-05 09:00,5.269437204297869
2025-11-05 10:00,3.431360615228726
2025-11-05 11:00,2.8215421292234555
2025-11-05 12:00,2.3377725757930414
2025-11-05 13:00,2.051112982389378
2025-11-05 14:00,4.755097485537456
2025-11-05 15:00,6.371959644387828
2025-11-05 16:00,7.895426036967515
2025-11-05 17:00,9.004382606093118
2025-11-05 18:00,14.64776399749368
2025-11-05 19:00,8.826265143904378
2025-11-05 20:00,7.8946395331420725
2025-11-05 21:00,7.4941442673200775
2025-11-05 22:00,10.111941799358242
2025-11-05 23:00,15.900855000856408
2025-11-06 00:00,13.736052930318303
2025-11-06 01:00,14.684952839850704
2025-11-06 02:00,12.51482679024621
2025-11-06 03:00,12.427532941736812
2025-11-06 04:00,14.395367073983136
2025-11-06 05:00,16.36025331065036
2025-11-06 06:00,8.215446744428567
2025-11-06 07:00,8.179619672923758
2025-11-06 08:00,4.340221787399785
2025-11-06 09:00,3.2475697171558253
2025-11-06 10:00,4.342302820248268
2025-11-06 11:00,4.121121660521041
2025-11-06 12:00,11.795930082168224
2025-11-06 13:00,11.02682783665551
2025-11-06 14:00,10.622468602834038
2025-11-06 15:00,11.014268332837808
2025-11-06 16:00,14.243781075933935
2025-11-06 17:00,11.800822914863653
2025-11-06 18:00,9.917268976892705
2025-11-06 19:00,10.997279866746828
2025-11-06 20:00,4.91674817283697
2025-11-06 21:00,4.296770798094064
2025-11-06 22:00,6.73908330948993
2025-11-06 23:00,9.180121630721267
2025-11-07 00:00,6.627240128137276
2025-11-07 01:00,2.134081078114036
2025-11-07 02:00,2.7506558936735503
2025-11-07 03:00,3.9705439746376188
2025-11-07 04:00,0.9328983483769157
2025-11-07 05:00,2.273554248886887
2025-11-07 06:00,2.402277426176642
2025-11-07 07:00,1.193456811071327
2025-11-07 08:00,0.037368131461104716
2025-11-07 09:00,2.754072847379623
2025-11-07 10:00,2.406938191718158
2025-11-07 11:00,1.4218595149048696
2025-11-07 12:00,0.3577282254964819
2025-11-07 13:00,2.166552588855629
2025-11-07 14:00,2.4557078467261353
2025-11-07 15:00,0.40951360618284977
2025-11-07 16:00,0.22156654648172175
2025-11-07 17:00,0.2691807795666176
2025-11-07 18:00,5.172464490077951
2025-11-07 19:00,6.707101081551723
2025-11-07 20:00,4.716050711491981
2025-11-07 21:00,2.2638534924030576
2025-11-07 22:00,0.5351254017747914
2025-11-07 23:00,0.22342984068075092
2025-11-08 00:00,1.1654161331376574
2025-11-08 01:00,3.758453559550228
2025-11-08 02:00,3.0718814367409273
2025-11-08 03:00,6.179270317139135
2025-11-08 04:00,5.714641658004239
2025-11-08 05:00,3.38533889299994
2025-11-08 06:00,6.986161371346125
2025-11-08 07:00,3.0249386040997255
2025-11-08 08:00,1.199458441389606
2025-11-08 09:00,2.310574223863825
2025-11-08 10:00,3.367601083763282
2025-11-08 11:00,5.544985321030894
2025-11-08 12:00,2.1701641891891565
2025-11-08 13:00,2.9982637949479316
2025-11-08 14:00,2.7578333547070155
2025-11-08 15:00,2.314106353175268
2025-11-08 16:00,0.6046887115662724
2025-11-08 17:00,2.38305028531086
2025-11-08 18:00,1.8766158820618561
2025-11-08 19:00,0.9637665428058956
2025-11-08 20:00,3.7062275747499944
2025-11-08 21:00,11.124005701756426
2025-11-08 22:00,25.25351043708417
2025-11-08 23:00,20.12971323126015
2025-11-09 00:00,1.4359348947878519
2025-11-09 01:00,0.47336168514064303
2025-11-09 02:00,1.2546816145034194
2025-11-09 03:00,1.4953440460926435
2025-11-09 04:00,2.0623013705630897
2025-11-09 05:00,1.6655950654785456
2025-11-09 06:00,3.2925505146798004
2025-11-09 07:00,5.474433743297755
2025-11-09 08:00,2.448933475436106
2025-11-09 09:00,6.182740769352742
2025-11-09 10:00,8.91410265679378
2025-11-09 11:00,7.297539087432805
2025-11-09 12:00,7.088528370953006
2025-11-09 13:00,12.336115612120304
2025-11-09 14:00,10.449246798806524
2025-11-09 15:00,11.027054221670806
2025-11-09 16:00,4.826791802708532
2025-11-09 17:00,5.346009914264642
2025-11-09 18:00,2.251369777337305
2025-11-09 19:00,7.861042719904592
2025-11-09 20:00,23.743116617924557
2025-11-09 21:00,29.04279878288466
2025-11-09 22:00,36.75518047558575
2025-11-09 23:00,38.190173384785176
2025-11-10 00:00,37.630579440447214
2025-11-10 01:00,24.639314364140017
2025-11-10 02:00,39.959979067779855
2025-11-10 03:00,24.161414965485957
2025-11-10 04:00,19.688574440340037
2025-11-10 05:00,13.222403100359186
2025-11-10 06:00,17.42444524646164
2025-11-10 07:00,26.027439648553596
2025-11-10 08:00,15.906993402790315
2025-11-10 09:00,23.60672887112118
2025-11-10 10:00,41.95356401084991
2025-11-10 11:00,42.02621296493677
2025-11-10 12:00,38.73883458003409
2025-11-10 13:00,38.80502515193809
2025-11-10 14:00,33.44039647627814
2025-11-10 15:00,32.61212906655074
2025-11-10 16:00,33.507166340559806
2025-11-10 17:00,22.29620092211255
2025-11-10 18:00,10.500583770078945
2025-11-10 19:00,9.303747516934651
2025-11-10 20:00,7.581539912939122
2025-11-10 21:00,5.210972386756067
2025-11-10 22:00,3.5447493347326247
2025-11-10 23:00,5.14974321936277
2025-11-11 00:00,5.1350914786860375
2025-11-11 01:00,12.525589137213935
2025-11-11 02:00,8.400351255995771
2025-11-11 03:00,6.833652321398932
2025-11-11 04:00,7.020128123289199
2025-11-11 05:00,8.079764001658775
2025-11-11 06:00,5.795676008221113
2025-11-11 07:00,4.901858308650969
2025-11-11 08:00,2.9574740142947205
2025-11-11 09:00,1.7426193078323442
2025-11-11 10:00,1.4474601981806419
2025-11-11 11:00,1.346334164382792
2025-11-11 12:00,1.046585016042407
2025-11-11 13:00,4.86706858832693
2025-11-11 14:00,3.5962901260592943
2025-11-11 15:00,3.0580825887114695
2025-11-11 16:00,6.266069292130968
2025-11-11 17:00,6.180356169456901
2025-11-11 18:00,2.890220285277112
2025-11-11 19:00,5.7649734966279516
2025-11-11 20:00,4.169451823503363
2025-11-11 21:00,1.9596745818781063
2025-11-11 22:00,2.5696018528215467
2025-11-11 23:00,0.8061701869232006
2025-11-12 00:00,12.210190515716775
2025-11-12 01:00,8.54989688519534
2025-11-12 02:00,8.588571719949792
2025-11-12 03:00,8.86427854169953
2025-11-12 04:00,6.928789705465345
2025-11-12 05:00,7.666320896946691
2025-11-12 06:00,6.546916290734797
2025-11-12 07:00,5.268508379639643
2025-11-12 08:00,4.012269359024791
2025-11-12 09:00,3.5293673630282467
2025-11-12 10:00,2.405519357182872
2025-11-12 11:00,1.1317651197763117
2025-11-12 12:00,0.8596741720489024
2025-11-12 13:00,0.2583703702282802
2025-11-12 14:00,0.39126529823854467
2025-11-12 15:00,1.3361186729980183
2025-11-12 16:00,3.190339383549357
2025-11-12 17:00,6.265577510029642
2025-11-12 18:00,7.199761918522777
2025-11-12 19:00,9.627209764717367
2025-11-12 20:00,5.337387556722295
2025-11-12 21:00,6.071831599849383
2025-11-12 22:00,2.4966037108845294
2025-11-12 23:00,1.866539854164872
2025-11-13 00:00,5.342054496240354
2025-11-13 01:00,5.81604406011741
2025-11-13 02:00,4.2631031172436735
2025-11-13 03:00,6.2312923094579125
2025-11-13 04:00,3.3806322860788747
2025-11-13 05:00,4.701588269579761
2025-11-13 06:00,1.9840184310363527
2025-11-13 07:00,1.1274951654535539
2025-11-13 08:00,0.9129647179671934
2025-11-13 09:00,0.8155412912534542
2025-11-13 10:00,0.0
2025-11-13 11:00,0.0
2025-11-13 12:00,0.0
2025-11-13 13:00,0.3846468129908736
2025-11-13 14:00,5.939032939599681
2025-11-13 15:00,15.05648054117863
2025-11-13 16:00,21.04947607238322
2025-11-13 17:00,22.09317609677788
2025-11-13 18:00,19.27495334268628
2025-11-13 19:00,17.201120790917848
2025-11-13 20:00,13.45613593477232
2025-11-13 21:00,13.266824118651062
2025-11-13 22:00,10.849771435826389
2025-11-13 23:00,9.654396129664743
2025-11-14 00:00,12.505262838247416
2025-11-14 01:00,14.778025428503895
2025-11-14 02:00,10.196720723940187
2025-11-14 03:00,10.310730714151667
2025-11-14 04:00,6.786257256267766
2025-11-14 05:00,14.173159362198142
2025-11-14 06:00,13.132658729873658
2025-11-14 07:00,8.431242030325878
2025-11-14 08:00,3.9564359498818087
2025-11-14 09:00,6.652934029637223
2025-11-14 10:00,2.475676193504677
2025-11-14 11:00,13.669832855356992
2025-11-14 12:00,15.673471801731557
2025-11-14 13:00,17.821058351914868
2025-11-14 14:00,11.774796376740605
2025-11-14 15:00,15.68578886979317
2025-11-14 16:00,12.322850718356262
2025-11-14 17:00,12.81578503920677
2025-11-14 18:00,10.548898910061848
2025-11-14 19:00,9.125877887853994
2025-11-14 20:00,6.745143041420914
2025-11-14 21:00,3.274166329588051
2025-11-14 22:00,4.448262358935967
2025-11-14 23:00,5.3047209232523596
2025-11-15 00:00,5.431872193442176
2025-11-15 01:00,1.7793196759560863
2025-11-15 02:00,3.5139650447343658
2025-11-15 03:00,4.247790208566402
2025-11-15 04:00,2.7969194690430923
2025-11-15 05:00,1.8364341634740384
2025-11-15 06:00,1.2995736459333618
2025-11-15 07:00,1.4711507925023029
2025-11-15 08:00,0.8247519415716316
2025-11-15 09:00,2.7103938091543713
2025-11-15 10:00,2.4891327098980893
2025-11-15 11:00,2.239024887474266
2025-11-15 12:00,0.0
2025-11-15 13:00,0.03703839759287426
2025-11-15 14:00,0.0
2025-11-15 15:00,0.19430896078762838
2025-11-15 16:00,1.3207842661916886
2025-11-15 17:00,4.541128043826604
2025-11-15 18:00,4.112364434804898
2025-11-15 19:00,7.204465593447146
2025-11-15 20:00,8.161235249748799
2025-11-15 21:00,7.115805350525261
2025-11-15 22:00,1.3522095253249469
2025-11-15 23:00,4.507753935970732
2025-11-16 00:00,2.744627154024699
2025-11-16 01:00,3.8235847064953177
2025-11-16 02:00,3.136463271281804
2025-11-16 03:00,0.7415214258970579
2025-11-16 04:00,1.1878193356973383
2025-11-16 05:00,2.4936423544326165
2025-11-16 06:00,2.771004187036721
2025-11-16 07:00,2.374835139748224
2025-11-16 08:00,2.133165679464789
2025-11-16 09:00,0.17117946286421803
2025-11-16 10:00,0.8111996890421957
2025-11-16 11:00,1.4043510281137805
2025-11-16 12:00,7.5334909467807405
2025-11-16 13:00,1.1755808974841495
2025-11-16 14:00,0.2785340859165509
2025-11-16 15:00,0.0
2025-11-16 16:00,0.0
2025-11-16 17:00,0.4507985222348931
2025-11-16 18:00,2.4447136901081037
2025-11-16 19:00,5.50857647133972
2025-11-16 20:00,18.31809271324052
2025-11-16 21:00,21.683481091751805
2025-11-16 22:00,19.489018331471133
2025-11-16 23:00,20.871273226632034
2025-11-17 00:00,21.85440999471969
2025-11-17 01:00,33.267684425543955
2025-11-17 02:00,38.3679430610756
2025-11-17 03:00,18.129890303416246
2025-11-17 04:00,17.736889285249582
2025-11-17 05:00,28.69911637511724
2025-11-17 06:00,24.072459630820763
2025-11-17 07:00,21.094888961136547
2025-11-17 08:00,17.00199446826191
2025-11-17 09:00,22.705055312656828
2025-11-17 10:00,31.949669155772312
2025-11-17 11:00,34.038035825319895
2025-11-17 12:00,37.045570668551235
2025-11-17 13:00,44.06845783685305
2025-11-17 14:00,45.34536840587517
2025-11-17 15:00,46.42808219668745
2025-11-17 16:00,44.47817911953123
2025-11-17 17:00,42.55636291477263
2025-11-17 18:00,38.16692760842355
2025-11-17 19:00,35.45400523554369
2025-11-17 20:00,36.23130740171498
2025-11-17 21:00,27.46733959844303
2025-11-17 22:00,29.450314706541395
2025-11-17 23:00,33.222350561662296
2025-11-18 00:00,31.479758330242785
2025-11-18 01:00,34.84045734706564
2025-11-18 02:00,33.18956860225984
2025-11-18 03:00,28.11439407860375
2025-11-18 04:00,20.993123992343417
2025-11-18 05:00,35.564360161829725
2025-11-18 06:00,30.68900097577157
2025-11-18 07:00,26.71950133480941
2025-11-18 08:00,20.369216706499046
2025-11-18 09:00,22.53132798214481
2025-11-18 10:00,27.048562873373626
2025-11-18 11:00,33.454005826854754
2025-11-18 12:00,46.68587209584467
2025-11-18 13:00,37.11835054302983
2025-11-18 14:00,38.69760983271746
2025-11-18 15:00,33.13805793604923
2025-11-18 16:00,30.14657079981187
2025-11-18 17:00,29.709086407286183
2025-11-18 18:00,27.273391580107273
2025-11-18 19:00,19.102725360953116
2025-11-18 20:00,32.96520504955717
2025-11-18 21:00,20.580807126176563
2025-11-18 22:00,18.854871825798075
2025-11-18 23:00,17.046309412182833
2025-11-19 00:00,9.581719691791923
2025-11-19 01:00,14.06572011265752
2025-11-19 02:00,11.096954594050317
2025-11-19 03:00,5.0296403744109135
2025-11-19 04:00,8.571318178058497
2025-11-19 05:00,7.93257077351791
2025-11-19 06:00,4.795720775275919
2025-11-19 07:00,3.3192735801398725
2025-11-19 08:00,2.4054395351669795
2025-11-19 09:00,0.0
2025-11-19 10:00,0.0
2025-11-19 11:00,1.6878292318933692
2025-11-19 12:00,3.925530668341413
2025-11-19 13:00,1.8344087461098062
2025-11-19 14:00,1.9081270998668967
2025-11-19 15:00,0.8354975557122929
2025-11-19 16:00,0.9955551326300949
2025-11-19 17:00,2.535674924959835
2025-11-19 18:00,2.6556455094236258
2025-11-19 19:00,1.7354321845780598
2025-11-19 20:00,2.5145806116911453
2025-11-19 21:00,2.4638246099057723
2025-11-19 22:00,2.2247314784819987
2025-11-19 23:00,2.089749351460223
2025-11-20 00:00,2.1102898036029707
2025-11-20 01:00,1.1462977887266497
2025-11-20 02:00,0.6475140928459099
2025-11-20 03:00,1.7438790964251372
2025-11-20 04:00,2.213256290007852
2025-11-20 05:00,3.817313304545311
2025-11-20 06:00,4.899462432295332
2025-11-20 07:00,5.522332905043101
2025-11-20 08:00,4.4709388219635136
2025-11-20 09:00,1.5795742568067148
2025-11-20 10:00,3.9691872128820425
2025-11-20 11:00,5.5804527768005645
2025-11-20 12:00,11.521894454818765
2025-11-20 13:00,3.1936899915854418
2025-11-20 14:00,2.709307584986651
2025-11-20 15:00,5.60637266512409
2025-11-20 16:00,5.237995938380214
2025-11-20 17:00,4.34527280484221
2025-11-20 18:00,1.8173056867324113
2025-11-20 19:00,15.212971971300945
2025-11-20 20:00,16.005245206276907
2025-11-20 21:00,15.529011451070867
2025-11-20 22:00,16.677534268579354
2025-11-20 23:00,18.119212390846698
2025-11-21 00:00,17.27453044977383
2025-11-21 01:00,13.640357123488672
2025-11-21 02:00,14.28175773670474
2025-11-21 03:00,12.38669943093205
2025-11-21 04:00,17.248424162918926
2025-11-21 05:00,10.184724493812023
2025-11-21 06:00,4.404841349676796
2025-11-21 07:00,5.46187108337734
2025-11-21 08:00,2.2561859866359595
2025-11-21 09:00,1.755571319951569
2025-11-21 10:00,1.7241093660985245
2025-11-21 11:00,0.41994921977525734
2025-11-21 12:00,0.2954095360847702
2025-11-21 13:00,0.4753833299864732
2025-11-21 14:00,0.5429311435614981
2025-11-21 15:00,1.418907111083733
2025-11-21 16:00,0.6248319133497674
2025-11-21 17:00,0.0
2025-11-21 18:00,4.752394404178253
2025-11-21 19:00,3.936688253422986
2025-11-21 20:00,3.035510986107196
2025-11-21 21:00,3.0008741051926067
2025-11-21 22:00,7.627747162272548
2025-11-21 23:00,4.603748925432673
2025-11-22 00:00,8.707743509537268
2025-11-22 01:00,9.049712249301571
2025-11-22 02:00,14.914935132300235
2025-11-22 03:00,7.610171693525818
2025-11-22 04:00,12.076285174599564
2025-11-22 05:00,14.94784218118642
2025-11-22 06:00,11.915997531133115
2025-11-22 07:00,14.681378925674869
2025-11-22 08:00,9.911263180503548
2025-11-22 09:00,6.048459746183609
2025-11-22 10:00,1.226730305928404
2025-11-22 11:00,0.9164603660214716
2025-11-22 12:00,0.4608866501250884
2025-11-22 13:00,0.0
2025-11-22 14:00,0.0
2025-11-22 15:00,0.0
2025-11-22 16:00,0.44953601460040776
2025-11-22 17:00,0.0
2025-11-22 18:00,1.8326053910330107
2025-11-22 19:00,1.7473729644187879
2025-11-22 20:00,8.403212993881853
2025-11-22 21:00,13.051469722001485
2025-11-22 22:00,12.54579986643875
2025-11-22 23:00,16.065831124602166
2025-11-23 00:00,8.351741234571596
2025-11-23 01:00,9.245977767488583
2025-11-23 02:00,6.987390000302735
2025-11-23 03:00,12.8182710493191
2025-11-23 04:00,13.442128934373185
2025-11-23 05:00,11.797534341922026
2025-11-23 06:00,7.587979400249204
2025-11-23 07:00,17.145500132827276
2025-11-23 08:00,6.434886733497724
2025-11-23 09:00,4.225734081496792
2025-11-23 10:00,21.841027027287556
2025-11-23 11:00,20.8608381392575
2025-11-23 12:00,18.25290429644021
2025-11-23 13:00,15.623026748005655
2025-11-23 14:00,8.209544241060335
2025-11-23 15:00,7.7691049576294375
2025-11-23 16:00,9.37617801798547
2025-11-23 17:00,4.461881072839829
2025-11-23 18:00,11.682140065223667
2025-11-23 19:00,12.734904017235573
2025-11-23 20:00,14.019954372392528
2025-11-23 21:00,18.368301474869696
2025-11-23 22:00,16.547582154348632
2025-11-23 23:00,15.887895576159005
2025-11-24 00:00,21.072746590763877
2025-11-24 01:00,18.857014509094107
2025-11-24 02:00,18.96934012685767
2025-11-24 03:00,21.54045726068185
2025-11-24 04:00,21.286209348956707
2025-11-24 05:00,20.44844238611176
2025-11-24 06:00,20.396751210019897
2025-11-24 07:00,21.46282971325972
2025-11-24 08:00,19.91412096643646
2025-11-24 09:00,25.761841540099297
2025-11-24 10:00,29.089742394926077
2025-11-24 11:00,25.576894215313953
2025-11-24 12:00,18.936222937877876
2025-11-24 13:00,14.701164424651653
2025-11-24 14:00,14.82993472244659
2025-11-24 15:00,13.370570142734705
2025-11-24 16:00,12.48301120180097
2025-11-24 17:00,5.166334307055119
2025-11-24 18:00,8.395393592330121
2025-11-24 19:00,9.645288621405792
2025-11-24 20:00,9.171448320120232
2025-11-24 21:00,10.96723069499634
2025-11-24 22:00,15.7790590444874
2025-11-24 23:00,16.717643969563504
2025-11-25 00:00,14.780022689811688
2025-11-25 01:00,14.533756495033606
2025-11-25 02:00,14.74887108393067
2025-11-25 03:00,14.616561085058448
2025-11-25 04:00,19.536550563643797
2025-11-25 05:00,17.507934892050613
2025-11-25 06:00,25.03659787064176
2025-11-25 07:00,13.44113651162146
2025-11-25 08:00,42.679139594006784
2025-11-25 09:00,21.085188526102204
2025-11-25 10:00,43.102510778586016
2025-11-25 11:00,53.15930556484927
2025-11-25 12:00,29.723725586534776
2025-11-25 13:00,32.951129037867126
2025-11-25 14:00,38.83771582473994
2025-11-25 15:00,44.448167984988274
2025-11-25 16:00,46.82215279871884
2025-11-25 17:00,48.366983923200856
2025-11-25 18:00,39.73784038812341
2025-11-25 19:00,43.35059405755434
2025-11-25 20:00,39.99395081830733
2025-11-25 21:00,32.92757750530858
2025-11-25 22:00,29.593302216354086
2025-11-25 23:00,23.22086951377093
2025-11-26 00:00,16.155514598626883
2025-11-26 01:00,9.239078180009454
2025-11-26 02:00,9.618537164498589
2025-11-26 03:00,5.439875389658638
2025-11-26 04:00,3.3557457142542404
2025-11-26 05:00,7.078747399380509
2025-11-26 06:00,9.814268823954265
2025-11-26 07:00,4.127854335927047
2025-11-26 08:00,2.7277651916973653
2025-11-26 09:00,3.101660171888945
2025-11-26 10:00,0.7775922977298335
2025-11-26 11:00,2.751096453340476
2025-11-26 12:00,0.2596511637970376
2025-11-26 13:00,0.8354900988056428
2025-11-26 14:00,0.8309304208647588
2025-11-26 15:00,1.6459123766527695
2025-11-26 16:00,1.0658034742762414
2025-11-26 17:00,1.1215438982763666
2025-11-26 18:00,0.46724221749562994
2025-11-26 19:00,1.0823114766271476
2025-11-26 20:00,3.863618940095908
2025-11-26 21:00,3.796815428159916
2025-11-26 22:00,3.895650778702666
2025-11-26 23:00,3.7763060222984612
2025-11-27 00:00,15.396150659528946
2025-11-27 01:00,19.36526396354974
2025-11-27 02:00,19.37824490710808
2025-11-27 03:00,23.00314037026595
2025-11-27 04:00,24.133426942108873
2025-11-27 05:00,25.066973143047488
2025-11-27 06:00,29.10457064034283
2025-11-27 07:00,30.230219466200708
2025-11-27 08:00,41.436797993065916
2025-11-27 09:00,44.72117469631744
2025-11-27 10:00,44.27044532437542
2025-11-27 11:00,43.57401848171359
2025-11-27 12:00,46.506081129099634
2025-11-27 13:00,50.3775578434834
2025-11-27 14:00,32.288232940988756
2025-11-27 15:00,36.4250370307634
2025-11-27 16:00,24.629101499704856
2025-11-27 17:00,41.49136892862478
2025-11-27 18:00,41.01192644724569
2025-11-27 19:00,58.86607682366316
2025-11-27 20:00,38.869581581479494
2025-11-27 21:00,40.53120438675927
2025-11-27 22:00,40.616173493259275
2025-11-27 23:00,43.754118706611244
2025-11-28 00:00,36.46801197964808
2025-11-28 01:00,38.44944442970799
2025-11-28 02:00,32.78569328970624
2025-11-28 03:00,36.90993430560537
2025-11-28 04:00,29.024731182436703
2025-11-28 05:00,23.286265382083908
2025-11-28 06:00,19.012340046886752
2025-11-28 07:00,15.05508106174159
2025-11-28 08:00,16.676339674172468
2025-11-28 09:00,14.266071957488254
2025-11-28 10:00,9.1223932408299
2025-11-28 11:00,7.228409437013167
2025-11-28 12:00,6.6355576743838025
2025-11-28 13:00,10.226779333962103
2025-11-28 14:00,8.736868885539035
2025-11-28 15:00,7.836032462977731
2025-11-28 16:00,8.914179179458282
2025-11-28 17:00,9.94441154246633
2025-11-28 18:00,8.653551716659134
2025-11-28 19:00,2.0774440672397536
2025-11-28 20:00,3.850573047547967
2025-11-28 21:00,2.6293027150949535
2025-11-28 22:00,3.5240396407432426
2025-11-28 23:00,5.196179426618015
2025-11-29 00:00,9.553866365762765
2025-11-29 01:00,8.984530084574173
2025-11-29 02:00,9.136023654772949
2025-11-29 03:00,9.467486538711066
2025-11-29 04:00,8.34862779693593
2025-11-29 05:00,6.680454932636002
2025-11-29 06:00,5.993304899105559
2025-11-29 07:00,10.509053513977776
2025-11-29 08:00,9.324852319208501
2025-11-29 09:00,9.895366405588963
2025-11-29 10:00,14.68302565123767
2025-11-29 11:00,25.34286787811979
2025-11-29 12:00,27.93341574366567
2025-11-29 13:00,31.823227361025147
2025-11-29 14:00,32.522516510495954
2025-11-29 15:00,30.683586768419254
2025-11-29 16:00,29.134194758474738
2025-11-29 17:00,28.87549292294524
2025-11-29 18:00,29.328975204446937
2025-11-29 19:00,34.06648088461417
2025-11-29 20:00,29.89791579857633
2025-11-29 21:00,30.90462640068353
2025-11-29 22:00,30.405517979082656
2025-11-29 23:00,26.366859956886188
2025-11-30 00:00,36.99991442129225
2025-11-30 01:00,35.98879070751581
2025-11-30 02:00,32.701504062996555
2025-11-30 03:00,33.27678593609481
2025-11-30 04:00,25.09801525062741
2025-11-30 05:00,15.839703081580867
2025-11-30 06:00,16.372673149789673
2025-11-30 07:00,16.484927775452416
2025-11-30 08:00,16.993071652838868
2025-11-30 09:00,11.996185493182054
2025-11-30 10:00,27.269163994699024
2025-11-30 11:00,27.59171627422136
2025-11-30 12:00,27.229097659941168
2025-11-30 13:00,27.273660055645912
2025-11-30 14:00,19.258287282678253
2025-11-30 15:00,22.638751833808335
2025-11-30 16:00,22.051246861518106
2025-11-30 17:00,23.467997023741077
2025-11-30 18:00,24.158274332327128
2025-11-30 19:00,27.381979783834403
2025-11-30 20:00,24.771906636186866
2025-11-30 21:00,21.08400702361485
2025-11-30 22:00,15.578143046755278
2025-11-30 23:00,9.131226961925138
2025-12-01 00:00,14.121353269333461
2025-12-01 01:00,27.083473272562824
2025-12-01 02:00,22.57560134509744
2025-12-01 03:00,21.147757368626777
2025-12-01 04:00,23.280213290981287
2025-12-01 05:00,15.634510746112493
2025-12-01 06:00,21.51177500390849
2025-12-01 07:00,16.10514503696391
2025-12-01 08:00,7.327163480350172
2025-12-01 09:00,9.333321172470551
2025-12-01 10:00,19.702778339648614
2025-12-01 11:00,25.894873920440507
2025-12-01 12:00,26.824889625867637
2025-12-01 13:00,23.399425816120644
2025-12-01 14:00,24.903777245471122
2025-12-01 15:00,26.00019700704109
2025-12-01 16:00,27.361729818138965
2025-12-01 17:00,23.480751967328032
2025-12-01 18:00,15.205425386518572
2025-12-01 19:00,13.901802179299365
2025-12-01 20:00,15.065385049223721
2025-12-01 21:00,14.3868878925882
2025-12-01 22:00,16.038069069278617
2025-12-01 23:00,12.002008871915939
2025-12-02 00:00,14.304479418342462
2025-12-02 01:00,15.435267781275645
2025-12-02 02:00,19.681277643696358
2025-12-02 03:00,17.290578906696926
2025-12-02 04:00,16.860509430829726
2025-12-02 05:00,14.412445774731797
2025-12-02 06:00,17.774757140323285
2025-12-02 07:00,18.112916985115746
2025-12-02 08:00,22.031376721716182
2025-12-02 09:00,35.948399241712266
2025-12-02 10:00,34.73961341938021
2025-12-02 11:00,32.64660856261093
2025-12-02 12:00,31.87765060005736
2025-12-02 13:00,35.87731528697416
2025-12-02 14:00,36.122221886104164
2025-12-02 15:00,37.22560329993882
2025-12-02 16:00,33.51984883774574
2025-12-02 17:00,35.776740237134284
2025-12-02 18:00,25.422452281207054
2025-12-02 19:00,27.613311500485505
2025-12-02 20:00,33.87329333700016
2025-12-02 21:00,26.150955319746792
2025-12-02 22:00,19.99052503346525
2025-12-02 23:00,23.505524621648526
2025-12-03 00:00,34.062121920705415
2025-12-03 01:00,52.87625469353297
2025-12-03 02:00,49.545458019706516
2025-12-03 03:00,54.214094955470415
2025-12-03 04:00,55.22144764005013
2025-12-03 05:00,51.17080581670592
2025-12-03 06:00,35.74102230259249
2025-12-03 07:00,33.341103766752326
2025-12-03 08:00,17.486628759669852
2025-12-03 09:00,10.270028169372093
2025-12-03 10:00,45.51909927195285
2025-12-03 11:00,51.284037857396484
2025-12-03 12:00,46.685262245077
2025-12-03 13:00,52.29341690481222
2025-12-03 14:00,52.20780530628099
2025-12-03 15:00,56.15704908515236
2025-12-03 16:00,52.201191166659214
2025-12-03 17:00,54.994705762801715
2025-12-03 18:00,51.892878039847304
2025-12-03 19:00,48.28012777460843
2025-12-03 20:00,47.21825450423011
2025-12-03 21:00,47.07009260115385
2025-12-03 22:00,44.580047530454586
2025-12-03 23:00,31.904103232673506
2025-12-04 00:00,35.34637843509555
2025-12-04 01:00,26.587044321934314
2025-12-04 02:00,19.230901196489437
2025-12-04 03:00,19.854619469715495
2025-12-04 04:00,16.531245755278636
2025-12-04 05:00,13.546517244543507
2025-12-04 06:00,13.405954510465918
2025-12-04 07:00,8.500850483951483
2025-12-04 08:00,7.687141101775603
2025-12-04 09:00,12.688836681815769
2025-12-04 10:00,5.729271475447957
2025-12-04 11:00,3.3427285561459192
2025-12-04 12:00,1.9537220308712648
2025-12-04 13:00,1.5641724709035643
2025-12-04 14:00,2.922204823667541
2025-12-04 15:00,2.644546352718737
2025-12-04 16:00,8.444807499133363
2025-12-04 17:00,18.17805001056536
2025-12-04 18:00,24.666750197990414
2025-12-04 19:00,28.53179733261777
2025-12-04 20:00,42.403299129468245
2025-12-04 21:00,33.763924990197324
2025-12-04 22:00,51.82502760043766
2025-12-04 23:00,51.94265887760584
2025-12-05 00:00,54.946683097579715
2025-12-05 01:00,52.87430791470887
2025-12-05 02:00,45.7088750741978
2025-12-05 03:00,35.40271516365342
2025-12-05 04:00,33.784761131320444
2025-12-05 05:00,26.006245584451026
2025-12-05 06:00,25.14512592690353
2025-12-05 07:00,24.363550916561433
2025-12-05 08:00,19.762568315847115
2025-12-05 09:00,19.482006403851265
2025-12-05 10:00,19.6450630981794
2025-12-05 11:00,19.328880785304506
2025-12-05 12:00,19.966822030782946
2025-12-05 13:00,20.046934589056022
2025-12-05 14:00,25.150630209131542
2025-12-05 15:00,18.92955573655145
2025-12-05 16:00,18.873678610003438
2025-12-05 17:00,12.67250615614959
2025-12-05 18:00,12.088685629592824
2025-12-05 19:00,10.32559474119661
2025-12-05 20:00,5.165479887749937
2025-12-05 21:00,2.0828617453230334
2025-12-05 22:00,3.5308318382679493
2025-12-05 23:00,3.7655316877383513
2025-12-06 00:00,6.38837369811177
2025-12-06 01:00,5.898456494771802
2025-12-06 02:00,1.1821664156944158
2025-12-06 03:00,3.2536346749214267
2025-12-06 04:00,3.4333728839857867
2025-12-06 05:00,5.7972261329035435
2025-12-06 06:00,6.079686583602859
2025-12-06 07:00,5.564490583800457
2025-12-06 08:00,8.124816959681548
2025-12-06 09:00,6.950881438908069
2025-12-06 10:00,11.8428614196858
2025-12-06 11:00,5.929492185516332
2025-12-06 12:00,17.062674339609988
2025-12-06 13:00,28.104467100492634
2025-12-06 14:00,27.95261893947104
2025-12-06 15:00,29.188579476827822
2025-12-06 16:00,23.281524113675854
2025-12-06 17:00,18.05609622304631
2025-12-06 18:00,31.550335583414032
2025-12-06 19:00,36.72288441278594
2025-12-06 20:00,36.17366251821233
2025-12-06 21:00,34.15041511751041
2025-12-06 22:00,35.097155743231816
2025-12-06 23:00,35.049313337348416
2025-12-07 00:00,31.49487543571374
2025-12-07 01:00,29.254155862992445
2025-12-07 02:00,20.58687152546846
2025-12-07 03:00,20.70986782634842
2025-12-07 04:00,18.973379411801872
2025-12-07 05:00,22.062572941586247
2025-12-07 06:00,21.971135529980682
2025-12-07 07:00,25.036471036209967
2025-12-07 08:00,22.525682243310623
2025-12-07 09:00,15.332924158408764
2025-12-07 10:00,19.78979573969858
2025-12-07 11:00,30.453221624903733
2025-12-07 12:00,27.003307272717226
2025-12-07 13:00,16.323603730733133
2025-12-07 14:00,15.14935227580627
2025-12-07 15:00,20.795803709300255
2025-12-07 16:00,27.594965152221626
2025-12-07 17:00,22.737974657538697
2025-12-07 18:00,22.000258102356433
2025-12-07 19:00,14.62240334374843
2025-12-07 20:00,28.994760233404143
2025-12-07 21:00,13.125495557774249
2025-12-07 22:00,13.035958762834916
2025-12-07 23:00,34.89773311313804
2025-12-08 00:00,27.719209325518616
2025-12-08 01:00,31.237449291044598
2025-12-08 02:00,24.17052589501111
2025-12-08 03:00,24.030338170389395
2025-12-08 04:00,31.82389789376216
2025-12-08 05:00,25.174600703261707
2025-12-08 06:00,30.303164813919288
2025-12-08 07:00,21.138653415813668
2025-12-08 08:00,28.48082822294941
2025-12-08 09:00,21.30760815153593
2025-12-08 10:00,26.673182761460687
2025-12-08 11:00,32.408256231649034
2025-12-08 12:00,30.474909917061684
2025-12-08 13:00,30.77049142651094
2025-12-08 14:00,28.751825900564935
2025-12-08 15:00,29.495970266984333
2025-12-08 16:00,29.046980658109145
2025-12-08 17:00,23.873840735004894
2025-12-08 18:00,18.15189752351645
2025-12-08 19:00,13.727057982962371
2025-12-08 20:00,11.012231188218408
2025-12-08 21:00,8.204935465494696
2025-12-08 22:00,8.175389503487814
2025-12-08 23:00,4.311244032755044
2025-12-09 00:00,6.5697128956283075
2025-12-09 01:00,9.863270204488334
2025-12-09 02:00,6.583050599495096
2025-12-09 03:00,8.193093055483265
2025-12-09 04:00,7.71408984344967
2025-12-09 05:00,4.1894557046419
2025-12-09 06:00,7.027300279641559
2025-12-09 07:00,4.743013283460637
2025-12-09 08:00,3.646378539722225
2025-12-09 09:00,2.50919379385909
2025-12-09 10:00,2.6111858319854395
2025-12-09 11:00,0.3019396633159471
2025-12-09 12:00,0.40098373507741547
2025-12-09 13:00,0.5602938143631372
2025-12-09 14:00,0.0
2025-12-09 15:00,0.0
2025-12-09 16:00,0.0
2025-12-09 17:00,2.627805309564653
2025-12-09 18:00,0.2505604617973901
2025-12-09 19:00,1.9415029888238662
2025-12-09 20:00,3.0304716170141286
2025-12-09 21:00,3.6447119390941323
2025-12-09 22:00,4.068551117845546
2025-12-09 23:00,4.28348674703658
2025-12-10 00:00,3.0544346959349475
2025-12-10 01:00,2.7839380399475937
2025-12-10 02:00,4.351964948225114
2025-12-10 03:00,6.304522457206355
2025-12-10 04:00,5.427817142818777
2025-12-10 05:00,6.947980226919667
2025-12-10 06:00,6.91005886515676
2025-12-10 07:00,5.662319989330981
2025-12-10 08:00,7.106207584266964
2025-12-10 09:00,3.5291462644586375
2025-12-10 10:00,4.627570883247353
2025-12-10 11:00,7.716357864420578
2025-12-10 12:00,8.570225156008796
2025-12-10 13:00,0.28604683074184006
2025-12-10 14:00,0.3767543069512083
2025-12-10 15:00,0.0
2025-12-10 16:00,0.27741845714456
2025-12-10 17:00,1.0727685140178673
2025-12-10 18:00,0.0
2025-12-10 19:00,0.0
2025-12-10 20:00,0.08714539858252635
2025-12-10 21:00,0.44374866968412996
2025-12-10 22:00,0.1775503104829134
2025-12-10 23:00,0.9505566339717467
2025-12-11 00:00,6.389346993240067
2025-12-11 01:00,4.277443720792926
2025-12-11 02:00,14.446894660114495
2025-12-11 03:00,31.847268698625946
2025-12-11 04:00,14.938575638768071
2025-12-11 05:00,12.260619681998575
2025-12-11 06:00,16.327224845588024
2025-12-11 07:00,17.09616074278126
2025-12-11 08:00,22.18027459401829
2025-12-11 09:00,14.907486796438818
2025-12-11 10:00,34.04048468339757
2025-12-11 11:00,43.27336446081581
2025-12-11 12:00,42.27965366504267
2025-12-11 13:00,47.73289907137922
2025-12-11 14:00,51.3462074668388
2025-12-11 15:00,49.60668139606256
2025-12-11 16:00,49.40333612034299
2025-12-11 17:00,50.24507251903902
2025-12-11 18:00,42.6570877483786
2025-12-11 19:00,42.09493156453074
2025-12-11 20:00,38.41415569004479
2025-12-11 21:00,45.89556863317373
2025-12-11 22:00,44.61211040752565
2025-12-11 23:00,40.66101100638161
2025-12-12 00:00,31.187561796760683
2025-12-12 01:00,21.2130740612215
2025-12-12 02:00,19.45224139321236
2025-12-12 03:00,21.939462840090663
2025-12-12 04:00,17.887368890773615
2025-12-12 05:00,21.40201715993043
2025-12-12 06:00,17.687587763175657
2025-12-12 07:00,17.872105596352274
2025-12-12 08:00,12.790468408339729
2025-12-12 09:00,16.237790742471304
2025-12-12 10:00,14.450334503580212
2025-12-12 11:00,6.430611810472597
2025-12-12 12:00,6.818336241424947
2025-12-12 13:00,1.3354481133188587
2025-12-12 14:00,1.5857029135219654
2025-12-12 15:00,0.4021511557884803
2025-12-12 16:00,2.2373633087273923
2025-12-12 17:00,7.386594896638043
2025-12-12 18:00,7.409063085836923
2025-12-12 19:00,8.852340337736523
2025-12-12 20:00,9.089337427205228
2025-12-12 21:00,3.6596430700005946
2025-12-12 22:00,2.8708213702660736
2025-12-12 23:00,5.750052734656296
2025-12-13 00:00,2.463408590668823
2025-12-13 01:00,1.3714867465486749
2025-12-13 02:00,1.678521878287016
2025-12-13 03:00,2.6902199478991378
2025-12-13 04:00,7.7767320640437605
2025-12-13 05:00,7.9521313017174915
2025-12-13 06:00,10.009895959594166
2025-12-13 07:00,10.632321081426078
2025-12-13 08:00,5.540653085862466
2025-12-13 09:00,7.048105632558833
2025-12-13 10:00,8.010011434652053
2025-12-13 11:00,5.224584077399671
2025-12-13 12:00,6.0931060730724615
2025-12-13 13:00,8.091423524726991
2025-12-13 14:00,18.61871910983521
2025-12-13 15:00,16.585122626425985
2025-12-13 16:00,13.312142190769793
2025-12-13 17:00,12.54310667107556
2025-12-13 18:00,14.501919598858228
2025-12-13 19:00,24.37450000332311
2025-12-13 20:00,19.808434651585106
2025-12-13 21:00,13.631647264917088
2025-12-13 22:00,11.099827945060804
2025-12-13 23:00,5.407706066301988
2025-12-14 00:00,13.389281322756094
2025-12-14 01:00,12.763389209125945
2025-12-14 02:00,20.542090347221137
2025-12-14 03:00,18.64265700252533
2025-12-14 04:00,32.809360340531306
2025-12-14 05:00,26.48384481127418
2025-12-14 06:00,14.60399512741004
2025-12-14 07:00,13.562206647067393
2025-12-14 08:00,16.953736808237952
2025-12-14 09:00,50.97734534220475
2025-12-14 10:00,41.64274514839925
2025-12-14 11:00,35.092858116819755
2025-12-14 12:00,43.54578619919763
2025-12-14 13:00,48.72224874007117
2025-12-14 14:00,47.71044213963949
2025-12-14 15:00,43.869139485691214
2025-12-14 16:00,45.65309984448542
2025-12-14 17:00,35.85847154811222
2025-12-14 18:00,34.29304236128902
2025-12-14 19:00,31.620024482525487
2025-12-14 20:00,29.870976692216797
2025-12-14 21:00,23.549465823893453
2025-12-14 22:00,8.60204505549918
2025-12-14 23:00,24.058025772880644
2025-12-15 00:00,6.8559194835531
2025-12-15 01:00,5.708037551366352
2025-12-15 02:00,3.96066966056601
2025-12-15 03:00,3.2138756751867366
2025-12-15 04:00,3.432483521532328
2025-12-15 05:00,2.7096353884248474
2025-12-15 06:00,1.8178248576162455
2025-12-15 07:00,4.114834720232552
2025-12-15 08:00,3.5362806087455803
2025-12-15 09:00,4.9026186291196785
2025-12-15 10:00,2.8584467150106203
2025-12-15 11:00,0.6936623863693202
2025-12-15 12:00,1.626251783677931
2025-12-15 13:00,3.8356041192503687
2025-12-15 14:00,1.9322189464782535
2025-12-15 15:00,1.9728132736209496
2025-12-15 16:00,2.4919843046386316
2025-12-15 17:00,3.0180878671425804
2025-12-15 18:00,1.9131055683433404
2025-12-15 19:00,6.579976691534013
2025-12-15 20:00,9.741659650019923
2025-12-15 21:00,3.5562587516097146
2025-12-15 22:00,16.50644569302676
2025-12-15 23:00,17.449441985935113
2025-12-16 00:00,5.642680510079119
2025-12-16 01:00,4.126733343384731
2025-12-16 02:00,7.121291580319634
2025-12-16 03:00,7.667089476413902
2025-12-16 04:00,8.83812248906453
2025-12-16 05:00,9.718199878045528
2025-12-16 06:00,7.621001032574116
2025-12-16 07:00,4.307452173841648
2025-12-16 08:00,8.362837777050622
2025-12-16 09:00,5.549609429537119
2025-12-16 10:00,10.346552738883938
2025-12-16 11:00,2.227277472427219
2025-12-16 12:00,16.786414247975912
2025-12-16 13:00,15.204572926720134
2025-12-16 14:00,11.636204202780604
2025-12-16 15:00,12.021647064705911
2025-12-16 16:00,11.626086391039413
2025-12-16 17:00,8.777754426679156
2025-12-16 18:00,8.33500959319906
2025-12-16 19:00,11.317708212085655
2025-12-16 20:00,11.942739186539416
2025-12-16 21:00,13.552076921103602
2025-12-16 22:00,9.768665321310802
2025-12-16 23:00,10.041341156857795
2025-12-17 00:00,3.4803579566861167
2025-12-17 01:00,2.6023467516849355
2025-12-17 02:00,2.591771206624607
2025-12-17 03:00,0.5638135807806892
2025-12-17 04:00,2.555516335955057
2025-12-17 05:00,2.661601483787844
2025-12-17 06:00,2.5738529257145966
2025-12-17 07:00,13.174465646152258
2025-12-17 08:00,10.939757122606714
2025-12-17 09:00,11.606473160787806
2025-12-17 10:00,24.10977173531204
2025-12-17 11:00,28.88645049785769
2025-12-17 12:00,40.106574332881095
2025-12-17 13:00,34.78861301543754
2025-12-17 14:00,38.8010127200397
2025-12-17 15:00,36.74283746754954
2025-12-17 16:00,33.696715856807856
2025-12-17 17:00,25.105776648653233
2025-12-17 18:00,11.97532832139104
2025-12-17 19:00,14.453207734405133
2025-12-17 20:00,14.277929990124148
2025-12-17 21:00,13.29165043486932
2025-12-17 22:00,14.092693933673438
2025-12-17 23:00,9.448155265075979
2025-12-18 00:00,8.11622402310763
2025-12-18 01:00,4.4713606172509355
2025-12-18 02:00,4.515933799834686
2025-12-18 03:00,5.909451736792457
2025-12-18 04:00,6.864645943464606
2025-12-18 05:00,3.2002127922090313
2025-12-18 06:00,2.5252272648764533
2025-12-18 07:00,0.7346908844818315
2025-12-18 08:00,1.2423172261080548
2025-12-18 09:00,4.040423805276812
2025-12-18 10:00,4.173834844407158
2025-12-18 11:00,4.03640199972478
2025-12-18 12:00,4.948914768180685
2025-12-18 13:00,4.23015883080265
2025-12-18 14:00,3.0121037477804515
2025-12-18 15:00,3.4853983319311017
2025-12-18 16:00,4.387755152051965
2025-12-18 17:00,6.1231976749919905
2025-12-18 18:00,7.765115532130599
2025-12-18 19:00,10.637319217189015
2025-12-18 20:00,4.029904072411818
2025-12-18 21:00,4.19190246039831
2025-12-18 22:00,6.3752291104828185
2025-12-18 23:00,8.716733240064453
2025-12-19 00:00,9.592287328585334
2025-12-19 01:00,11.753407070243183
2025-12-19 02:00,6.8716067866762085
2025-12-19 03:00,3.483285864909966
2025-12-19 04:00,3.0982682889810955
2025-12-19 05:00,4.627864303296867
2025-12-19 06:00,4.642549837186857
2025-12-19 07:00,3.636015878332884
2025-12-19 08:00,5.179554470921022
2025-12-19 09:00,2.944108522817595
2025-12-19 10:00,3.195394944452713
2025-12-19 11:00,7.288002459635694
2025-12-19 12:00,10.67037046933076
2025-12-19 13:00,17.434600967534703
2025-12-19 14:00,18.92056403829143
2025-12-19 15:00,20.47217950402728
2025-12-19 16:00,13.269946830023766
2025-12-19 17:00,7.559899430083601
2025-12-19 18:00,12.344767683653107
2025-12-19 19:00,15.547285887032599
2025-12-19 20:00,17.203873223418753
2025-12-19 21:00,6.933805384750638
2025-12-19 22:00,8.27215324571383
2025-12-19 23:00,8.733928973985403
2025-12-20 00:00,17.78444130612312
2025-12-20 01:00,8.953776581476124
2025-12-20 02:00,8.769864219161388
2025-12-20 03:00,18.530103478765078
2025-12-20 04:00,24.669297926830176
2025-12-20 05:00,30.8787664939369
2025-12-20 06:00,28.028351618965843
2025-12-20 07:00,29.826669426822292
2025-12-20 08:00,29.860715439459398
2025-12-20 09:00,30.330692259719648
2025-12-20 10:00,31.998471982586533
2025-12-20 11:00,34.466893622028344
2025-12-20 12:00,22.854960358232773
2025-12-20 13:00,13.366867743318329
2025-12-20 14:00,18.71331463757545
2025-12-20 15:00,25.890010801077366
2025-12-20 16:00,28.343380886827003
2025-12-20 17:00,27.71975441230747
2025-12-20 18:00,39.28512174798246
2025-12-20 19:00,33.60331382548496
2025-12-20 20:00,32.53801506908669
2025-12-20 21:00,20.907787803489324
2025-12-20 22:00,26.07084335660215
2025-12-20 23:00,28.728737944198482
2025-12-21 00:00,27.374209381446057
2025-12-21 01:00,28.87418692758724
2025-12-21 02:00,29.283858157367238
2025-12-21 03:00,32.07613466979059
2025-12-21 04:00,42.3374962540504
2025-12-21 05:00,48.40926791642405
2025-12-21 06:00,43.326067741908936
2025-12-21 07:00,35.86826231587591
2025-12-21 08:00,36.299442841541854
2025-12-21 09:00,25.844409807013307
2025-12-21 10:00,26.70226473598416
2025-12-21 11:00,34.69520821556445
2025-12-21 12:00,41.134695193502736
2025-12-21 13:00,41.97645838218111
2025-12-21 14:00,39.67319696573794
2025-12-21 15:00,36.444694461563024
2025-12-21 16:00,35.883983842141696
2025-12-21 17:00,29.23935974147773
2025-12-21 18:00,18.79192712268454
2025-12-21 19:00,23.12550725634271
2025-12-21 20:00,20.046372001163505
2025-12-21 21:00,18.207205150810214
2025-12-21 22:00,16.793160959716257
2025-12-21 23:00,21.665572576607918
2025-12-22 00:00,20.96670960402282
2025-12-22 01:00,18.72910643761643
2025-12-22 02:00,15.06678736681395
2025-12-22 03:00,17.880387699444885
2025-12-22 04:00,18.4778936512734
2025-12-22 05:00,17.213945898381503
2025-12-22 06:00,17.02072456475612
2025-12-22 07:00,19.054257367745063
2025-12-22 08:00,15.860672147509083
2025-12-22 09:00,18.865773391015598
2025-12-22 10:00,12.294943189151608
2025-12-22 11:00,7.453797327324099
2025-12-22 12:00,5.722005053477027
2025-12-22 13:00,5.829080356457298
2025-12-22 14:00,5.468400272106291
2025-12-22 15:00,6.423492355063199
2025-12-22 16:00,4.701394420628342
2025-12-22 17:00,6.328994726555934
2025-12-22 18:00,11.419380452655687
2025-12-22 19:00,15.571745437021196
2025-12-22 20:00,17.46003614827001
2025-12-22 21:00,10.907962071618737
2025-12-22 22:00,5.33700952419122
2025-12-22 23:00,3.45145688797157
2025-12-23 00:00,8.761380095731967
2025-12-23 01:00,12.11946748465114
2025-12-23 02:00,6.34026991534815
2025-12-23 03:00,5.164874764453999
2025-12-23 04:00,4.971066270381765
2025-12-23 05:00,5.289557275358662
2025-12-23 06:00,6.8202901188439204
2025-12-23 07:00,4.3419961111363925
2025-12-23 08:00,6.824368780970196
2025-12-23 09:00,3.584478305714071
2025-12-23 10:00,3.1464799594821806
2025-12-23 11:00,8.23999326443524
2025-12-23 12:00,18.586045482866517
2025-12-23 13:00,15.997318657898848
2025-12-23 14:00,17.169152021189618
2025-12-23 15:00,20.0958632965419
2025-12-23 16:00,17.726606683416726
2025-12-23 17:00,19.221638779875125
2025-12-23 18:00,11.563227539929718
2025-12-23 19:00,4.487461086103078
2025-12-23 20:00,3.139743405361292
2025-12-23 21:00,9.36040089446723
2025-12-23 22:00,9.37585894871173
2025-12-23 23:00,4.610234130620478
2025-12-24 00:00,5.343506682227158
2025-12-24 01:00,15.033303187283567
2025-12-24 02:00,10.767614399289748
2025-12-24 03:00,20.79139703277269
2025-12-24 04:00,21.13089815616521
2025-12-24 05:00,28.978863399593266
2025-12-24 06:00,27.933462949132878
2025-12-24 07:00,30.05816061240669
2025-12-24 08:00,25.26506045629673
2025-12-24 09:00,28.193098701284345
2025-12-24 10:00,30.209895952766086
2025-12-24 11:00,28.122617860625677
2025-12-24 12:00,23.627972411289914
2025-12-24 13:00,27.801828967674194
2025-12-24 14:00,29.37569399175114
2025-12-24 15:00,33.926808739933776
2025-12-24 16:00,34.63790351868321
2025-12-24 17:00,31.976358661151817
2025-12-24 18:00,27.85955527330645
2025-12-24 19:00,33.90981724761373
2025-12-24 20:00,28.09034647666267
2025-12-24 21:00,29.33823193844034
2025-12-24 22:00,26.626335782729388
2025-12-24 23:00,23.49187065877409
2025-12-25 00:00,25.487310865873503
2025-12-25 01:00,21.998341525879102
2025-12-25 02:00,24.563522195497843
2025-12-25 03:00,28.866396669309232
2025-12-25 04:00,30.084783007432293
2025-12-25 05:00,29.81359981699076
2025-12-25 06:00,29.787926153561347
2025-12-25 07:00,30.830744405702617
2025-12-25 08:00,32.944357892800014
2025-12-25 09:00,40.42436466311154
2025-12-25 10:00,46.113932266976676
2025-12-25 11:00,49.10901124491227
2025-12-25 12:00,52.61052106297627
2025-12-25 13:00,58.708496842812096
2025-12-25 14:00,58.204402207590974
2025-12-25 15:00,55.93963325881838
2025-12-25 16:00,58.69852566540996
2025-12-25 17:00,59.31349864390559
2025-12-25 18:00,53.938841312819505
2025-12-25 19:00,52.585840078341086
2025-12-25 20:00,55.414542237366184
2025-12-25 21:00,50.912612711138856
2025-12-25 22:00,52.843337790912
2025-12-25 23:00,61.69301519143011
2025-12-26 00:00,59.40685562654931
2025-12-26 01:00,56.05069661610559
2025-12-26 02:00,60.37128955815902
2025-12-26 03:00,51.98792294662865
2025-12-26 04:00,51.20697996712761
2025-12-26 05:00,52.42591238772221
2025-12-26 06:00,49.409388606258446
2025-12-26 07:00,48.781162396065724
2025-12-26 08:00,46.04842258224131
2025-12-26 09:00,46.718022374080284
2025-12-26 10:00,48.653721499993594
2025-12-26 11:00,53.46239179847868
2025-12-26 12:00,51.58740450095276
2025-12-26 13:00,51.98778309238341
2025-12-26 14:00,48.76658142186348
2025-12-26 15:00,50.95486675136959
2025-12-26 16:00,45.12979499302751
2025-12-26 17:00,44.05447274217285
2025-12-26 18:00,35.49729229148732
2025-12-26 19:00,25.99196131332535
2025-12-26 20:00,20.36572482808352
2025-12-26 21:00,12.937915357832253
2025-12-26 22:00,7.635247760348911
2025-12-26 23:00,5.281162234554432
2025-12-27 00:00,5.503714166027166
2025-12-27 01:00,5.159464903738667
2025-12-27 02:00,7.091631240103147
2025-12-27 03:00,3.9766606180597845
2025-12-27 04:00,4.6232151317694585
2025-12-27 05:00,4.031149148734519
2025-12-27 06:00,1.9225451333394843
2025-12-27 07:00,2.4197471755574553
2025-12-27 08:00,2.2415445702167256
2025-12-27 09:00,0.7916067728751187
2025-12-27 10:00,0.1297799713218825
2025-12-27 11:00,0.24207121949552923
2025-12-27 12:00,3.191440932135739
2025-12-27 13:00,8.919673192511821
2025-12-27 14:00,2.438261667122002
2025-12-27 15:00,2.515803319883816
2025-12-27 16:00,1.639290807661945
2025-12-27 17:00,5.344139428745361
2025-12-27 18:00,11.634439345284987
2025-12-27 19:00,10.298918686651437
2025-12-27 20:00,2.734399995458193
2025-12-27 21:00,4.003282692050581
2025-12-27 22:00,4.969500543498395
2025-12-27 23:00,5.188010479748774
2025-12-28 00:00,2.423020683053188
2025-12-28 01:00,6.692281494013725
2025-12-28 02:00,7.2616361821891235
2025-12-28 03:00,4.267426886928325
2025-12-28 04:00,7.883131921975664
2025-12-28 05:00,12.699681402345425
2025-12-28 06:00,7.798202552074159
2025-12-28 07:00,6.261735992144507
2025-12-28 08:00,6.211290004058529
2025-12-28 09:00,8.395858185632534
2025-12-28 10:00,10.185132543232214
2025-12-28 11:00,7.131849618290768
2025-12-28 12:00,19.03487408744084
2025-12-28 13:00,16.992264907531222
2025-12-28 14:00,15.135756180918483
2025-12-28 15:00,23.622308590730025
2025-12-28 16:00,25.00126529050425
2025-12-28 17:00,18.56448232230963
2025-12-28 18:00,20.172173584797733
2025-12-28 19:00,21.09503175527884
2025-12-28 20:00,27.672293882080293
2025-12-28 21:00,23.44665956990978
2025-12-28 22:00,27.987809274570527
2025-12-28 23:00,25.822483965729038
2025-12-29 00:00,18.41829400576236
2025-12-29 01:00,12.414637217533365
2025-12-29 02:00,21.64342636287007
2025-12-29 03:00,24.188538874603456
2025-12-29 04:00,25.472378020815565
2025-12-29 05:00,27.071938056406122
2025-12-29 06:00,32.68286567155139
2025-12-29 07:00,26.937573629149117
2025-12-29 08:00,22.481821667040368
2025-12-29 09:00,18.854229064571737
2025-12-29 10:00,30.660903366922735
2025-12-29 11:00,31.53567541239151
2025-12-29 12:00,40.297876350307035
2025-12-29 13:00,28.161298820829185
2025-12-29 14:00,9.210196132792264
2025-12-29 15:00,26.304159826122575
2025-12-29 16:00,24.891087772725935
2025-12-29 17:00,27.57552078392332
2025-12-29 18:00,21.86964942897137
2025-12-29 19:00,23.329070974157005
2025-12-29 20:00,20.213590970567985
2025-12-29 21:00,23.860858163817095
2025-12-29 22:00,19.60167178757161
2025-12-29 23:00,18.428103085674973
2025-12-30 00:00,17.96625428339714
2025-12-30 01:00,21.0197923299759
2025-12-30 02:00,21.634480229383342
2025-12-30 03:00,27.02278782180499
2025-12-30 04:00,26.048762920573292
2025-12-30 05:00,27.28450248531728
2025-12-30 06:00,24.982387024933587
2025-12-30 07:00,26.354248946655396
2025-12-30 08:00,24.350343330667908
2025-12-30 09:00,23.797227375074105
2025-12-30 10:00,23.822618675008147
2025-12-30 11:00,19.535386485838636
2025-12-30 12:00,19.93246069969125
2025-12-30 13:00,23.436477597732214
2025-12-30 14:00,27.414525417009138
2025-12-30 15:00,29.888471714806204
2025-12-30 16:00,27.22447412514019
2025-12-30 17:00,20.23340196057634
2025-12-30 18:00,13.684484358690508
2025-12-30 19:00,18.145628087323573
2025-12-30 20:00,22.214385041377152
2025-12-30 21:00,5.896613487652908
2025-12-30 22:00,3.5291050776019057
2025-12-30 23:00,4.462458768163542
2025-12-31 00:00,6.710830554752904
2025-12-31 01:00,14.552821493961023
2025-12-31 02:00,18.670333825032515
2025-12-31 03:00,25.93966174440794
2025-12-31 04:00,33.26066392956626
2025-12-31 05:00,30.79199269786672
2025-12-31 06:00,30.048197576572502
2025-12-31 07:00,39.53420644905291
2025-12-31 08:00,44.99818458267867
2025-12-31 09:00,48.032314997923635
2025-12-31 10:00,50.17005270760072
2025-12-31 11:00,44.87273303916377
2025-12-31 12:00,47.020038450807476
2025-12-31 13:00,44.740479348509396
2025-12-31 14:00,46.555419114160514
2025-12-31 15:00,51.36232325199097
2025-12-31 16:00,47.98781722355085
2025-12-31 17:00,47.818373978928484
2025-12-31 18:00,36.64206121392826
2025-12-31 19:00,31.310491918192024
2025-12-31 20:00,28.745797803855524
2025-12-31 21:00,30.48691729059884
2025-12-31 22:00,28.981152098010313
2025-12-31 23:00,30.53267762687964
